,Occupation,Expected Highest Education Level Completed
1,    N/A (less than 16 years old/NILF who last worked more than 5 years ago or never worked),High School
2,    MGR-CHIEF EXECUTIVES AND LEGISLATORS,Bachelor Degree
3,    MGR-GENERAL AND OPERATIONS MANAGERS,Some College
4,    MGR-ADVERTISING AND PROMOTIONS MANAGERS,Bachelor Degree
5,    MGR-MARKETING AND SALES MANAGERS,Bachelor Degree
6,    MGR-PUBLIC RELATIONS AND FUNDRAISING MANAGERS,Bachelor Degree
7,    MGR-ADMINISTRATIVE SERVICES MANAGERS,Some College
8,    MGR-COMPUTER AND INFORMATION SYSTEMS MANAGERS,Bachelor Degree
9,    MGR-FINANCIAL MANAGERS,Bachelor Degree
10,    MGR-COMPENSATION AND BENEFITS MANAGERS,Bachelor Degree
11,    MGR-HUMAN RESOURCES MANAGERS,Bachelor Degree
12,    MGR-TRAINING AND DEVELOPMENT MANAGERS,Bachelor Degree
13,    MGR-INDUSTRIAL PRODUCTION MANAGERS,Some College
14,    MGR-PURCHASING MANAGERS,Bachelor Degree
15,"    MGR-TRANSPORTATION, STORAGE, AND DISTRIBUTION MANAGERS",Some College
16,"    MGR-FARMERS, RANCHERS, AND OTHER AGRICULTURAL MANAGERS",Some College
17,    MGR-CONSTRUCTION MANAGERS,Some College
18,    MGR-EDUCATION ADMINISTRATORS,Bachelor Degree
19,    MGR-ARCHITECTURAL AND ENGINEERING MANAGERS,Bachelor Degree
20,    MGR-FOOD SERVICE MANAGERS,Some College
21,    MGR-GAMING MANAGERS,Some College
22,    MGR-LODGING MANAGERS,Some College
23,    MGR-MEDICAL AND HEALTH SERVICES MANAGERS,Bachelor Degree
24,    MGR-NATURAL SCIENCES MANAGERS,Bachelor Degree
25,"    MGR-PROPERTY, REAL ESTATE, AND COMMUNITY ASSOCIATION MANAGERS",Some College
26,    MGR-SOCIAL AND COMMUNITY SERVICE MANAGERS,Bachelor Degree
27,    MGR-EMERGENCY MANAGEMENT DIRECTORS,Bachelor Degree
28,"    MGR-MISCELLANEOUS MANAGERS, INCLUDING FUNERAL SERVICE MANAGERS AND POSTMASTERS AND MAIL SUPERINTENDENTS",Bachelor Degree
29,"    BUS-AGENTS AND BUSINESS MANAGERS OF ARTISTS, PERFORMERS, AND ATHLETES",Some College
30,"    BUS-BUYERS AND PURCHASING AGENTS, FARM PRODUCTS",Some College
31,"    BUS-WHOLESALE AND RETAIL BUYERS, EXCEPT FARM PRODUCTS",Some College
32,"    BUS-PURCHASING AGENTS, EXCEPT WHOLESALE, RETAIL, AND FARM PRODUCTS",Some College
33,"    BUS-CLAIMS ADJUSTERS, APPRAISERS, EXAMINERS, AND INVESTIGATORS",Some College
34,    BUS-COMPLIANCE OFFICERS,Bachelor Degree
35,    BUS-COST ESTIMATORS,Some College
36,    BUS-HUMAN RESOURCES WORKERS,Bachelor Degree
37,"    BUS-COMPENSATION, BENEFITS, AND JOB ANALYSIS SPECIALISTS",Bachelor Degree
38,    BUS-TRAINING AND DEVELOPMENT SPECIALISTS,Bachelor Degree
39,    BUS-LOGISTICIANS,Some College
40,    BUS-MANAGEMENT ANALYSTS,Bachelor Degree
41,"    BUS-MEETING, CONVENTION, AND EVENT PLANNERS",Some College
42,    BUS-FUNDRAISERS,Bachelor Degree
43,    BUS-MARKET RESEARCH ANALYSTS AND MARKETING SPECIALISTS,Bachelor Degree
44,"    BUS-BUSINESS OPERATIONS SPECIALISTS, ALL OTHER",Bachelor Degree
45,    FIN-ACCOUNTANTS AND AUDITORS,Bachelor Degree
46,    FIN-APPRAISERS AND ASSESSORS OF REAL ESTATE,Some College
47,    FIN-BUDGET ANALYSTS,Bachelor Degree
48,    FIN-CREDIT ANALYSTS,Bachelor Degree
49,    FIN-FINANCIAL ANALYSTS,Bachelor Degree
50,    FIN-PERSONAL FINANCIAL ADVISORS,Bachelor Degree
51,    FIN-INSURANCE UNDERWRITERS,Bachelor Degree
52,    FIN-FINANCIAL EXAMINERS,Bachelor Degree
53,    FIN-CREDIT COUNSELORS AND LOAN OFFICERS,Some College
54,"    FIN-TAX EXAMINERS AND COLLECTORS, AND REVENUE AGENTS",Some College
55,    FIN-TAX PREPARERS,Some College
56,"    FIN-FINANCIAL SPECIALISTS, ALL OTHER",Bachelor Degree
57,    CMM-COMPUTER AND INFORMATION RESEARCH SCIENTISTS,Bachelor Degree
58,    CMM-COMPUTER SYSTEMS ANALYSTS,Bachelor Degree
59,    CMM-INFORMATION SECURITY ANALYSTS,Bachelor Degree
60,    CMM-COMPUTER PROGRAMMERS,Bachelor Degree
61,"    CMM-SOFTWARE DEVELOPERS, APPLICATIONS AND SYSTEMS SOFTWARE",Bachelor Degree
62,    CMM-WEB DEVELOPERS,Bachelor Degree
63,    CMM-COMPUTER SUPPORT SPECIALISTS,Some College
64,    CMM-DATABASE ADMINISTRATORS,Bachelor Degree
65,    CMM-NETWORK AND COMPUTER SYSTEMS ADMINISTRATORS,Bachelor Degree
66,    CMM-COMPUTER NETWORK ARCHITECTS,Bachelor Degree
67,"    CMM-COMPUTER OCCUPATIONS, ALL OTHER",Bachelor Degree
68,    CMM-ACTUARIES,Bachelor Degree
69,    CMM-OPERATIONS RESEARCH ANALYSTS,Bachelor Degree
70,"    CMM-MISCELLANEOUS MATHEMATICAL SCIENCE OCCUPATIONS, INCLUDING MATHEMATICIANS AND STATISTICIANS",Bachelor Degree
71,"    ENG-ARCHITECTS, EXCEPT NAVAL",Bachelor Degree
72,"    ENG-SURVEYORS, CARTOGRAPHERS, AND PHOTOGRAMMETRISTS",Bachelor Degree
73,    ENG-AEROSPACE ENGINEERS,Bachelor Degree
74,    ENG-BIOMEDICAL AND AGRICULTURAL ENGINEERS,Bachelor Degree
75,    ENG-CHEMICAL ENGINEERS,Bachelor Degree
76,    ENG-CIVIL ENGINEERS,Bachelor Degree
77,    ENG-COMPUTER HARDWARE ENGINEERS,Bachelor Degree
78,    ENG-ELECTRICAL AND ELECTRONICS ENGINEERS,Bachelor Degree
79,    ENG-ENVIRONMENTAL ENGINEERS,Bachelor Degree
80,"    ENG-INDUSTRIAL ENGINEERS, INCLUDING HEALTH AND SAFETY",Bachelor Degree
81,    ENG-MARINE ENGINEERS AND NAVAL ARCHITECTS,Bachelor Degree
82,    ENG-MATERIALS ENGINEERS,Bachelor Degree
83,    ENG-MECHANICAL ENGINEERS,Bachelor Degree
84,"    ENG-PETROLEUM, MINING AND GEOLOGICAL ENGINEERS, INCLUDING MINING SAFETY ENGINEERS",Bachelor Degree
85,"    ENG-MISCELLANEOUS ENGINEERS, INCLUDING NUCLEAR ENGINEERS",Bachelor Degree
86,    ENG-DRAFTERS,Some College
87,"    ENG-ENGINEERING TECHNICIANS, EXCEPT DRAFTERS",Some College
88,    ENG-SURVEYING AND MAPPING TECHNICIANS,Some College
89,    SCI-AGRICULTURAL AND FOOD SCIENTISTS,Bachelor Degree
90,    SCI-BIOLOGICAL SCIENTISTS,Bachelor Degree
91,    SCI-CONSERVATION SCIENTISTS AND FORESTERS,Bachelor Degree
92,"    SCI-MEDICAL SCIENTISTS, AND LIFE SCIENTISTS, ALL OTHER","Master, PhD, or Professional Degree"
93,    SCI-ASTRONOMERS AND PHYSICISTS,"Master, PhD, or Professional Degree"
94,    SCI-ATMOSPHERIC AND SPACE SCIENTISTS,Bachelor Degree
95,    SCI-CHEMISTS AND MATERIALS SCIENTISTS,Bachelor Degree
96,    SCI-ENVIRONMENTAL SCIENTISTS AND GEOSCIENTISTS,Bachelor Degree
97,"    SCI-PHYSICAL SCIENTISTS, ALL OTHER","Master, PhD, or Professional Degree"
98,    SCI-ECONOMISTS,"Master, PhD, or Professional Degree"
99,    SCI-PSYCHOLOGISTS,"Master, PhD, or Professional Degree"
100,    SCI-URBAN AND REGIONAL PLANNERS,Bachelor Degree
101,"    SCI-MISCELLANEOUS SOCIAL SCIENTISTS, INCLUDING SURVEY RESEARCHERS AND SOCIOLOGISTS",Bachelor Degree
102,    SCI-AGRICULTURAL AND FOOD SCIENCE TECHNICIANS,Some College
103,    SCI-BIOLOGICAL TECHNICIANS,Some College
104,    SCI-CHEMICAL TECHNICIANS,Some College
105,"    SCI-GEOLOGICAL AND PETROLEUM TECHNICIANS, AND NUCLEAR TECHNICIANS",Some College
106,"    SCI-MISCELLANEOUS LIFE, PHYSICAL, AND SOCIAL SCIENCE TECHNICIANS, INCLUDING SOCIAL SCIENCE RESEARCH ASSISTANTS",Some College
107,    CMS-COUNSELORS,Bachelor Degree
108,    CMS-SOCIAL WORKERS,Bachelor Degree
109,    CMS-PROBATION OFFICERS AND CORRECTIONAL TREATMENT SPECIALISTS,Bachelor Degree
110,    CMS-SOCIAL AND HUMAN SERVICE ASSISTANTS,Some College
111,"    CMS-MISCELLANEOUS COMMUNITY AND SOCIAL SERVICE SPECIALISTS, INCLUDING HEALTH EDUCATORS AND COMMUNITY HEALTH WORKERS",Bachelor Degree
112,    CMS-CLERGY,Bachelor Degree
113,"    CMS-DIRECTORS, RELIGIOUS ACTIVITIES AND EDUCATION",Bachelor Degree
114,"    CMS-RELIGIOUS WORKERS, ALL OTHER",Some College
115,"    LGL-LAWYERS, AND JUDGES, MAGISTRATES, AND OTHER JUDICIAL WORKERS","Master, PhD, or Professional Degree"
116,    LGL-JUDICIAL LAW CLERKS,"Master, PhD, or Professional Degree"
117,    LGL-PARALEGALS AND LEGAL ASSISTANTS,Some College
118,    LGL-MISCELLANEOUS LEGAL SUPPORT WORKERS,Some College
119,    EDU-POSTSECONDARY TEACHERS,"Master, PhD, or Professional Degree"
120,    EDU-PRESCHOOL AND KINDERGARTEN TEACHERS,Some College
121,    EDU-ELEMENTARY AND MIDDLE SCHOOL TEACHERS,Bachelor Degree
122,    EDU-SECONDARY SCHOOL TEACHERS,Bachelor Degree
123,    EDU-SPECIAL EDUCATION TEACHERS,Bachelor Degree
124,    EDU-OTHER TEACHERS AND INSTRUCTORS,Some College
125,"    EDU-ARCHIVISTS, CURATORS, AND MUSEUM TECHNICIANS",Bachelor Degree
126,    EDU-LIBRARIANS,Bachelor Degree
127,    EDU-LIBRARY TECHNICIANS,Some College
128,    EDU-TEACHER ASSISTANTS,Some College
129,"    EDU-OTHER EDUCATION, TRAINING, AND LIBRARY WORKERS",Bachelor Degree
130,    ENT-ARTISTS AND RELATED WORKERS,Bachelor Degree
131,    ENT-DESIGNERS,Some College
132,    ENT-ACTORS,Some College
133,    ENT-PRODUCERS AND DIRECTORS,Bachelor Degree
134,"    ENT-ATHLETES, COACHES, UMPIRES, AND RELATED WORKERS",Some College
135,    ENT-DANCERS AND CHOREOGRAPHERS,Some College
136,"    ENT-MUSICIANS, SINGERS, AND RELATED WORKERS",Some College
137,"    ENT-ENTERTAINERS AND PERFORMERS, SPORTS AND RELATED WORKERS, ALL OTHER",Some College
138,    ENT-ANNOUNCERS,Some College
139,"    ENT-NEWS ANALYSTS, REPORTERS AND CORRESPONDENTS",Bachelor Degree
140,    ENT-PUBLIC RELATIONS SPECIALISTS,Bachelor Degree
141,    ENT-EDITORS,Bachelor Degree
142,    ENT-TECHNICAL WRITERS,Bachelor Degree
143,    ENT-WRITERS AND AUTHORS,Bachelor Degree
144,    ENT-MISCELLANEOUS MEDIA AND COMMUNICATION WORKERS,Some College
145,"    ENT-BROADCAST AND SOUND ENGINEERING TECHNICIANS AND RADIO OPERATORS, AND MEDIA AND COMMUNICATION EQUIPMENT WORKERS, ALL OTHER",Some College
146,    ENT-PHOTOGRAPHERS,Some College
147,"    ENT-TELEVISION, VIDEO, AND MOTION PICTURE CAMERA OPERATORS AND EDITORS",Bachelor Degree
148,    MED-CHIROPRACTORS,"Master, PhD, or Professional Degree"
149,    MED-DENTISTS,"Master, PhD, or Professional Degree"
150,    MED-DIETITIANS AND NUTRITIONISTS,Bachelor Degree
151,    MED-OPTOMETRISTS,"Master, PhD, or Professional Degree"
152,    MED-PHARMACISTS,"Master, PhD, or Professional Degree"
153,    MED-PHYSICIANS AND SURGEONS,"Master, PhD, or Professional Degree"
154,    MED-PHYSICIAN ASSISTANTS,"Master, PhD, or Professional Degree"
155,    MED-PODIATRISTS,"Master, PhD, or Professional Degree"
156,    MED-AUDIOLOGISTS,"Master, PhD, or Professional Degree"
157,    MED-OCCUPATIONAL THERAPISTS,Bachelor Degree
158,    MED-PHYSICAL THERAPISTS,"Master, PhD, or Professional Degree"
159,    MED-RADIATION THERAPISTS,Bachelor Degree
160,    MED-RECREATIONAL THERAPISTS,Bachelor Degree
161,    MED-RESPIRATORY THERAPISTS,Some College
162,    MED-SPEECH-LANGUAGE PATHOLOGISTS,"Master, PhD, or Professional Degree"
163,"    MED-OTHER THERAPISTS, INCLUDING EXERCISE PHYSIOLOGISTS",Bachelor Degree
164,    MED-VETERINARIANS,"Master, PhD, or Professional Degree"
165,    MED-REGISTERED NURSES,Bachelor Degree
166,    MED-NURSE ANESTHETISTS,"Master, PhD, or Professional Degree"
167,"    MED-NURSE PRACTITIONERS, AND NURSE MIDWIVES","Master, PhD, or Professional Degree"
168,"    MED-HEALTH DIAGNOSING AND TREATING PRACTITIONERS, ALL OTHER",Bachelor Degree
169,    MED-CLINICAL LABORATORY TECHNOLOGISTS AND TECHNICIANS,Some College
170,    MED-DENTAL HYGIENISTS,Some College
171,    MED-DIAGNOSTIC RELATED TECHNOLOGISTS AND TECHNICIANS,Some College
172,    MED-EMERGENCY MEDICAL TECHNICIANS AND PARAMEDICS,Some College
173,    MED-HEALTH PRACTITIONER SUPPORT TECHNOLOGISTS AND TECHNICIANS,Some College
174,    MED-LICENSED PRACTICAL AND LICENSED VOCATIONAL NURSES,Some College
175,    MED-MEDICAL RECORDS AND HEALTH INFORMATION TECHNICIANS,Some College
176,"    MED-OPTICIANS, DISPENSING",Some College
177,    MED-MISCELLANEOUS HEALTH TECHNOLOGISTS AND TECHNICIANS,Some College
178,    MED-OTHER HEALTHCARE PRACTITIONERS AND TECHNICAL OCCUPATIONS,Bachelor Degree
179,"    HLS-NURSING, PSYCHIATRIC, AND HOME HEALTH AIDES",Some College
180,    HLS-OCCUPATIONAL THERAPY ASSISTANTS AND AIDES,Some College
181,    HLS-PHYSICAL THERAPIST ASSISTANTS AND AIDES,Some College
182,    HLS-MASSAGE THERAPISTS,Some College
183,    HLS-DENTAL ASSISTANTS,Some College
184,    HLS-MEDICAL ASSISTANTS,Some College
185,    HLS-MEDICAL TRANSCRIPTIONISTS,Some College
186,    HLS-PHARMACY AIDES,Some College
187,    HLS-VETERINARY ASSISTANTS AND LABORATORY ANIMAL CARETAKERS,Some College
188,    HLS-PHLEBOTOMISTS,Some College
189,"    HLS-HEALTHCARE SUPPORT WORKERS, ALL OTHER, INCLUDING MEDICAL EQUIPMENT PREPARERS",Some College
190,    PRT-FIRST-LINE SUPERVISORS OF CORRECTIONAL OFFICERS,Some College
191,    PRT-FIRST-LINE SUPERVISORS OF POLICE AND DETECTIVES,Some College
192,    PRT-FIRST-LINE SUPERVISORS OF FIRE FIGHTING AND PREVENTION WORKERS,Some College
193,"    PRT-FIRST-LINE SUPERVISORS OF PROTECTIVE SERVICE WORKERS, ALL OTHER",Some College
194,    PRT-FIREFIGHTERS,Some College
195,    PRT-FIRE INSPECTORS,Some College
196,"    PRT-BAILIFFS, CORRECTIONAL OFFICERS, AND JAILERS",Some College
197,    PRT-DETECTIVES AND CRIMINAL INVESTIGATORS,Bachelor Degree
198,    PRT-MISCELLANEOUS LAW ENFORCEMENT WORKERS,Some College
199,    PRT-POLICE OFFICERS,Some College
200,    PRT-ANIMAL CONTROL WORKERS,Some College
201,    PRT-PRIVATE DETECTIVES AND INVESTIGATORS,Bachelor Degree
202,    PRT-SECURITY GUARDS AND GAMING SURVEILLANCE OFFICERS,Some College
203,    PRT-CROSSING GUARDS,High School
204,    PRT-TRANSPORTATION SECURITY SCREENERS,Some College
205,"    PRT-LIFEGUARDS AND OTHER RECREATIONAL, AND ALL OTHER PROTECTIVE SERVICE WORKERS",High School
206,    EAT-CHEFS AND HEAD COOKS,Some College
207,    EAT-FIRST-LINE SUPERVISORS OF FOOD PREPARATION AND SERVING WORKERS,Some College
208,    EAT-COOKS,High School
209,    EAT-FOOD PREPARATION WORKERS,High School
210,    EAT-BARTENDERS,Some College
211,"    EAT-COMBINED FOOD PREPARATION AND SERVING WORKERS, INCLUDING FAST FOOD",High School
212,"    EAT-COUNTER ATTENDANTS, CAFETERIA, FOOD CONCESSION, AND COFFEE SHOP",High School
213,    EAT-WAITERS AND WAITRESSES,Some College
214,"    EAT-FOOD SERVERS, NONRESTAURANT",High School
215,"    EAT-MISCELLANEOUS FOOD PREPARATION AND SERVING RELATED WORKERS, INCLUDING DINING ROOM AND CAFETERIA ATTENDANTS AND BARTENDER HELPERS",High School
216,    EAT-DISHWASHERS,High School
217,"    EAT-HOSTS AND HOSTESSES, RESTAURANT, LOUNGE, AND COFFEE SHOP",High School
218,    CLN-FIRST-LINE SUPERVISORS OF HOUSEKEEPING AND JANITORIAL WORKERS,High School
219,"    CLN-FIRST-LINE SUPERVISORS OF LANDSCAPING, LAWN SERVICE, AND GROUNDSKEEPING WORKERS",Some College
220,    CLN-JANITORS AND BUILDING CLEANERS,High School
221,    CLN-MAIDS AND HOUSEKEEPING CLEANERS,High School
222,    CLN-PEST CONTROL WORKERS,Some College
223,    CLN-GROUNDS MAINTENANCE WORKERS,High School
224,    PRS-FIRST-LINE SUPERVISORS OF GAMING WORKERS,Some College
225,    PRS-FIRST-LINE SUPERVISORS OF PERSONAL SERVICE WORKERS,Some College
226,    PRS-ANIMAL TRAINERS,Some College
227,    PRS-NONFARM ANIMAL CARETAKERS,Some College
228,    PRS-GAMING SERVICES WORKERS,Some College
229,    PRS-MOTION PICTURE PROJECTIONISTS,Some College
230,"    PRS-USHERS, LOBBY ATTENDANTS, AND TICKET TAKERS",Some College
231,    PRS-MISCELLANEOUS ENTERTAINMENT ATTENDANTS AND RELATED WORKERS,Some College
232,    PRS-EMBALMERS AND FUNERAL ATTENDANTS,Some College
233,"    PRS-MORTICIANS, UNDERTAKERS, AND FUNERAL DIRECTORS",Some College
234,    PRS-BARBERS,High School
235,"    PRS-HAIRDRESSERS, HAIRSTYLISTS, AND COSMETOLOGISTS",High School
236,    PRS-MISCELLANEOUS PERSONAL APPEARANCE WORKERS,High School
237,"    PRS-BAGGAGE PORTERS, BELLHOPS, AND CONCIERGES",Some College
238,    PRS-TOUR AND TRAVEL GUIDES,Some College
239,    PRS-CHILDCARE WORKERS,Some College
240,    PRS-PERSONAL CARE AIDES,High School
241,    PRS-RECREATION AND FITNESS WORKERS,Some College
242,    PRS-RESIDENTIAL ADVISORS,Some College
243,"    PRS-PERSONAL CARE AND SERVICE WORKERS, ALL OTHER",Some College
244,    SAL-FIRST-LINE SUPERVISORS OF RETAIL SALES WORKERS,Some College
245,    SAL-FIRST-LINE SUPERVISORS OF NON-RETAIL SALES WORKERS,Some College
246,    SAL-CASHIERS,High School
247,    SAL-COUNTER AND RENTAL CLERKS,Some College
248,    SAL-PARTS SALESPERSONS,High School
249,    SAL-RETAIL SALESPERSONS,Some College
250,    SAL-ADVERTISING SALES AGENTS,Bachelor Degree
251,    SAL-INSURANCE SALES AGENTS,Some College
252,"    SAL-SECURITIES, COMMODITIES, AND FINANCIAL SERVICES SALES AGENTS",Bachelor Degree
253,    SAL-TRAVEL AGENTS,Some College
254,"    SAL-SALES REPRESENTATIVES, SERVICES, ALL OTHER",Some College
255,"    SAL-SALES REPRESENTATIVES, WHOLESALE AND MANUFACTURING",Some College
256,"    SAL-MODELS, DEMONSTRATORS, AND PRODUCT PROMOTERS",Some College
257,    SAL-REAL ESTATE BROKERS AND SALES AGENTS,Some College
258,    SAL-SALES ENGINEERS,Bachelor Degree
259,    SAL-TELEMARKETERS,Some College
260,"    SAL-DOOR-TO-DOOR SALES WORKERS, NEWS AND STREET VENDORS, AND RELATED WORKERS",Some College
261,"    SAL-SALES AND RELATED WORKERS, ALL OTHER",Some College
262,    OFF-FIRST-LINE SUPERVISORS OF OFFICE AND ADMINISTRATIVE SUPPORT WORKERS,Some College
263,"    OFF-SWITCHBOARD OPERATORS, INCLUDING ANSWERING SERVICE",Some College
264,    OFF-TELEPHONE OPERATORS,Some College
265,"    OFF-COMMUNICATIONS EQUIPMENT OPERATORS, ALL OTHER",Some College
266,    OFF-BILL AND ACCOUNT COLLECTORS,Some College
267,    OFF-BILLING AND POSTING CLERKS,Some College
268,"    OFF-BOOKKEEPING, ACCOUNTING, AND AUDITING CLERKS",Some College
269,    OFF-GAMING CAGE WORKERS,Some College
270,    OFF-PAYROLL AND TIMEKEEPING CLERKS,Some College
271,    OFF-PROCUREMENT CLERKS,Some College
272,    OFF-TELLERS,Some College
273,"    OFF-FINANCIAL CLERKS, ALL OTHER",Some College
274,    OFF-BROKERAGE CLERKS,Some College
275,"    OFF-COURT, MUNICIPAL, AND LICENSE CLERKS",Some College
276,"    OFF-CREDIT AUTHORIZERS, CHECKERS, AND CLERKS",Some College
277,    OFF-CUSTOMER SERVICE REPRESENTATIVES,Some College
278,"    OFF-ELIGIBILITY INTERVIEWERS, GOVERNMENT PROGRAMS",Some College
279,    OFF-FILE CLERKS,Some College
280,"    OFF-HOTEL, MOTEL, AND RESORT DESK CLERKS",Some College
281,"    OFF-INTERVIEWERS, EXCEPT ELIGIBILITY AND LOAN",Some College
282,"    OFF-LIBRARY ASSISTANTS, CLERICAL",Some College
283,    OFF-LOAN INTERVIEWERS AND CLERKS,Some College
284,    OFF-NEW ACCOUNTS CLERKS,Some College
285,    OFF-CORRESPONDENCE CLERKS AND ORDER CLERKS,Some College
286,"    OFF-HUMAN RESOURCES ASSISTANTS, EXCEPT PAYROLL AND TIMEKEEPING",Some College
287,    OFF-RECEPTIONISTS AND INFORMATION CLERKS,Some College
288,    OFF-RESERVATION AND TRANSPORTATION TICKET AGENTS AND TRAVEL CLERKS,Some College
289,"    OFF-INFORMATION AND RECORD CLERKS, ALL OTHER",Some College
290,    OFF-CARGO AND FREIGHT AGENTS,Some College
291,    OFF-COURIERS AND MESSENGERS,Some College
292,    OFF-DISPATCHERS,Some College
293,"    OFF-METER READERS, UTILITIES",Some College
294,    OFF-POSTAL SERVICE CLERKS,Some College
295,    OFF-POSTAL SERVICE MAIL CARRIERS,Some College
296,"    OFF-POSTAL SERVICE MAIL SORTERS, PROCESSORS, AND PROCESSING MACHINE OPERATORS",Some College
297,"    OFF-PRODUCTION, PLANNING, AND EXPEDITING CLERKS",Some College
298,"    OFF-SHIPPING, RECEIVING, AND TRAFFIC CLERKS",High School
299,    OFF-STOCK CLERKS AND ORDER FILLERS,High School
300,"    OFF-WEIGHERS, MEASURERS, CHECKERS, AND SAMPLERS, RECORDKEEPING",Some College
301,    OFF-SECRETARIES AND ADMINISTRATIVE ASSISTANTS,Some College
302,    OFF-COMPUTER OPERATORS,Some College
303,    OFF-DATA ENTRY KEYERS,Some College
304,    OFF-WORD PROCESSORS AND TYPISTS,Some College
305,    OFF-INSURANCE CLAIMS AND POLICY PROCESSING CLERKS,Some College
306,"    OFF-MAIL CLERKS AND MAIL MACHINE OPERATORS, EXCEPT POSTAL SERVICE",Some College
307,"    OFF-OFFICE CLERKS, GENERAL",Some College
308,"    OFF-OFFICE MACHINE OPERATORS, EXCEPT COMPUTER",Some College
309,    OFF-PROOFREADERS AND COPY MARKERS,Bachelor Degree
310,    OFF-STATISTICAL ASSISTANTS,Some College
311,"    OFF-MISCELLANEOUS OFFICE AND ADMINISTRATIVE SUPPORT WORKERS, INCLUDING DESKTOP PUBLISHERS",Some College
312,"    FFF-FIRST-LINE SUPERVISORS OF FARMING, FISHING, AND FORESTRY WORKERS",High School
313,    FFF-AGRICULTURAL INSPECTORS,Some College
314,"    FFF-GRADERS AND SORTERS, AGRICULTURAL PRODUCTS",High School
315,"    FFF-MISCELLANEOUS AGRICULTURAL WORKERS, INCLUDING ANIMAL BREEDERS",High School
316,    FFF-FISHING AND HUNTING WORKERS,High School
317,    FFF-FOREST AND CONSERVATION WORKERS,High School
318,    FFF-LOGGING WORKERS,High School
319,    CON-FIRST-LINE SUPERVISORS OF CONSTRUCTION TRADES AND EXTRACTION WORKERS,High School
320,    CON-BOILERMAKERS,High School
321,"    CON-BRICKMASONS, BLOCKMASONS, STONEMASONS, AND",High School
322,    CON-CARPENTERS,High School
323,"    CON-CARPET, FLOOR, AND TILE INSTALLERS AND FINISHERS",High School
324,"    CON-CEMENT MASONS, CONCRETE FINISHERS, AND TERRAZZO WORKERS",High School
325,    CON-CONSTRUCTION LABORERS,High School
326,"    CON-PAVING, SURFACING, AND TAMPING EQUIPMENT OPERATORS",High School
327,"    CON-CONSTRUCTION EQUIPMENT OPERATORS, EXCEPT PAVING, SURFACING, AND TAMPING EQUIPMENT OPERATORS",High School
328,"    CON-DRYWALL INSTALLERS, CEILING TILE INSTALLERS, AND TAPERS",High School
329,    CON-ELECTRICIANS,Some College
330,    CON-GLAZIERS,High School
331,    CON-INSULATION WORKERS,High School
332,    CON-PAINTERS AND PAPERHANGERS,High School
333,"    CON-PIPELAYERS, PLUMBERS, PIPEFITTERS, AND STEAMFITTERS",High School
334,    CON-PLASTERERS AND STUCCO MASONS,High School
335,    CON-ROOFERS,High School
336,    CON-SHEET METAL WORKERS,High School
337,    CON-STRUCTURAL IRON AND STEEL WORKERS,High School
338,"    CON-HELPERS, CONSTRUCTION TRADES",High School
339,    CON-CONSTRUCTION AND BUILDING INSPECTORS,Some College
340,    CON-ELEVATOR INSTALLERS AND REPAIRERS,High School
341,    CON-FENCE ERECTORS,High School
342,    CON-HAZARDOUS MATERIALS REMOVAL WORKERS,High School
343,    CON-HIGHWAY MAINTENANCE WORKERS,High School
344,    CON-RAIL-TRACK LAYING AND MAINTENANCE EQUIPMENT OPERATORS,High School
345,"    CON-MISCELLANEOUS CONSTRUCTION WORKERS, INCLUDING SOLAR PHOTOVOLTAIC INSTALLERS, SEPTIC TANK SERVICERS AND SEWER PIPE CLEANERS",High School
346,"    EXT-DERRICK, ROTARY DRILL, AND SERVICE UNIT OPERATORS, AND ROUSTABOUTS, OIL, GAS, AND MINING",High School
347,"    EXT-EARTH DRILLERS, EXCEPT OIL AND GAS",High School
348,"    EXT-EXPLOSIVES WORKERS, ORDNANCE HANDLING EXPERTS, AND BLASTERS",Some College
349,    EXT-MINING MACHINE OPERATORS,High School
350,"    EXT-MISCELLANEOUS EXTRACTION WORKERS, INCLUDING ROOF BOLTERS AND HELPERS",High School
351,"    RPR-FIRST-LINE SUPERVISORS OF MECHANICS, INSTALLERS, AND REPAIRERS",Some College
352,"    RPR-COMPUTER, AUTOMATED TELLER, AND OFFICE MACHINE REPAIRERS",Some College
353,    RPR-RADIO AND TELECOMMUNICATIONS EQUIPMENT INSTALLERS AND REPAIRERS,Some College
354,    RPR-AVIONICS TECHNICIANS,Some College
355,"    RPR-ELECTRIC MOTOR, POWER TOOL, AND RELATED REPAIRERS",High School
356,"    RPR-ELECTRICAL AND ELECTRONICS REPAIRERS, TRANSPORTATION EQUIPMENT, AND INDUSTRIAL AND UTILITY",Some College
357,"    RPR-ELECTRONIC EQUIPMENT INSTALLERS AND REPAIRERS, MOTOR VEHICLES",Some College
358,    RPR-ELECTRONIC HOME ENTERTAINMENT EQUIPMENT INSTALLERS AND REPAIRERS,Some College
359,    RPR-SECURITY AND FIRE ALARM SYSTEMS INSTALLERS,Some College
360,    RPR-AIRCRAFT MECHANICS AND SERVICE TECHNICIANS,Some College
361,    RPR-AUTOMOTIVE BODY AND RELATED REPAIRERS,High School
362,    RPR-AUTOMOTIVE GLASS INSTALLERS AND REPAIRERS,High School
363,    RPR-AUTOMOTIVE SERVICE TECHNICIANS AND MECHANICS,High School
364,    RPR-BUS AND TRUCK MECHANICS AND DIESEL ENGINE SPECIALISTS,High School
365,    RPR-HEAVY VEHICLE AND MOBILE EQUIPMENT SERVICE TECHNICIANS AND MECHANICS,High School
366,    RPR-SMALL ENGINE MECHANICS,High School
367,"    RPR-MISCELLANEOUS VEHICLE AND MOBILE EQUIPMENT MECHANICS, INSTALLERS, AND REPAIRERS",High School
368,    RPR-CONTROL AND VALVE INSTALLERS AND REPAIRERS,Some College
369,"    RPR-HEATING, AIR CONDITIONING, AND REFRIGERATION MECHANICS AND INSTALLERS",High School
370,    RPR-HOME APPLIANCE REPAIRERS,High School
371,    RPR-INDUSTRIAL AND REFRACTORY MACHINERY MECHANICS,High School
372,"    RPR-MAINTENANCE AND REPAIR WORKERS, GENERAL",High School
373,"    RPR-MAINTENANCE WORKERS, MACHINERY",High School
374,    RPR-MILLWRIGHTS,High School
375,    RPR-ELECTRICAL POWER-LINE INSTALLERS AND REPAIRERS,Some College
376,    RPR-TELECOMMUNICATIONS LINE INSTALLERS AND REPAIRERS,Some College
377,    RPR-PRECISION INSTRUMENT AND EQUIPMENT REPAIRERS,Some College
378,"    RPR-COIN, VENDING, AND AMUSEMENT MACHINE SERVICERS AND REPAIRERS",Some College
379,    RPR-LOCKSMITHS AND SAFE REPAIRERS,High School
380,    RPR-RIGGERS,High School
381,"    RPR-HELPERS--INSTALLATION, MAINTENANCE, AND REPAIR WORKERS",High School
382,"    RPR-MISCELLANEOUS INSTALLATION, MAINTENANCE, AND REPAIR",High School
383,    PRD-FIRST-LINE SUPERVISORS OF PRODUCTION AND OPERATING WORKERS,Some College
384,"    PRD-AIRCRAFT STRUCTURE, SURFACES, RIGGING, AND SYSTEMS ASSEMBLERS",High School
385,"    PRD-ELECTRICAL, ELECTRONICS, AND ELECTROMECHANICAL ASSEMBLERS",High School
386,    PRD-ENGINE AND OTHER MACHINE ASSEMBLERS,High School
387,    PRD-STRUCTURAL METAL FABRICATORS AND FITTERS,High School
388,    PRD-MISCELLANEOUS ASSEMBLERS AND FABRICATORS,High School
389,    PRD-BAKERS,High School
390,"    PRD-BUTCHERS AND OTHER MEAT, POULTRY, AND FISH PROCESSING WORKERS",High School
391,"    PRD-FOOD AND TOBACCO ROASTING, BAKING, AND DRYING MACHINE OPERATORS AND TENDERS",High School
392,    PRD-FOOD BATCHMAKERS,High School
393,    PRD-FOOD COOKING MACHINE OPERATORS AND TENDERS,High School
394,"    PRD-FOOD PROCESSING WORKERS, ALL OTHER",High School
395,    PRD-COMPUTER CONTROL PROGRAMMERS AND OPERATORS,Some College
396,"    PRD-EXTRUDING AND DRAWING MACHINE SETTERS, OPERATORS, AND TENDERS, METAL AND PLASTIC",High School
397,"    PRD-FORGING MACHINE SETTERS, OPERATORS, AND TENDERS, METAL AND PLASTIC",High School
398,"    PRD-ROLLING MACHINE SETTERS, OPERATORS, AND TENDERS, METAL AND PLASTIC",High School
399,"    PRD-MACHINE TOOL CUTTING SETTERS, OPERATORS, AND TENDERS, METAL AND PLASTIC",High School
400,    PRD-MACHINISTS,High School
401,"    PRD-METAL FURNACE OPERATORS, TENDERS, POURERS, AND CASTERS",High School
402,"    PRD-MODEL MAKERS, PATTERNMAKERS, AND MOLDING MACHINE SETTERS, METAL AND PLASTIC",High School
403,    PRD-TOOL AND DIE MAKERS,High School
404,"    PRD-WELDING, SOLDERING, AND BRAZING WORKERS",High School
405,"    PRD-MISCELLANEOUS METAL WORKERS AND PLASTIC WORKERS, INCLUDING MULTIPLE MACHINE TOOL SETTERS",High School
406,    PRD-PREPRESS TECHNICIANS AND WORKERS,Some College
407,    PRD-PRINTING PRESS OPERATORS,High School
408,    PRD-PRINT BINDING AND FINISHING WORKERS,High School
409,    PRD-LAUNDRY AND DRY-CLEANING WORKERS,High School
410,"    PRD-PRESSERS, TEXTILE, GARMENT, AND RELATED MATERIALS",High School
411,    PRD-SEWING MACHINE OPERATORS,High School
412,    PRD-SHOE AND LEATHER WORKERS,High School
413,"    PRD-TAILORS, DRESSMAKERS, AND SEWERS",High School
414,"    PRD-TEXTILE BLEACHING AND DYEING, AND CUTTING MACHINE SETTERS, OPERATORS, AND TENDERS",High School
415,"    PRD-TEXTILE KNITTING AND WEAVING MACHINE SETTERS, OPERATORS, AND TENDERS",High School
416,"    PRD-TEXTILE WINDING, TWISTING, AND DRAWING OUT MACHINE SETTERS, OPERATORS, AND TENDERS",High School
417,    PRD-UPHOLSTERERS,High School
418,"    PRD-MISCELLANEOUS TEXTILE, APPAREL, AND FURNISHINGS WORKERS, EXCEPT UPHOLSTERERS",High School
419,    PRD-CABINETMAKERS AND BENCH CARPENTERS,High School
420,    PRD-FURNITURE FINISHERS,High School
421,"    PRD-SAWING MACHINE SETTERS, OPERATORS, AND TENDERS, WOOD",High School
422,"    PRD-WOODWORKING MACHINE SETTERS, OPERATORS, AND TENDERS, EXCEPT SAWING",High School
423,"    PRD-MISCELLANEOUS WOODWORKERS, INCLUDING MODEL MAKERS AND PATTERNMAKERS",High School
424,"    PRD-POWER PLANT OPERATORS, DISTRIBUTORS, AND DISPATCHERS",Some College
425,    PRD-STATIONARY ENGINEERS AND BOILER OPERATORS,Some College
426,    PRD-WATER AND WASTEWATER TREATMENT PLANT AND SYSTEM OPERATORS,Some College
427,    PRD-MISCELLANEOUS PLANT AND SYSTEM OPERATORS,Some College
428,"    PRD-CHEMICAL PROCESSING MACHINE SETTERS, OPERATORS, AND TENDERS",Some College
429,"    PRD-CRUSHING, GRINDING, POLISHING, MIXING, AND BLENDING WORKERS",High School
430,    PRD-CUTTING WORKERS,High School
431,"    PRD-EXTRUDING, FORMING, PRESSING, AND COMPACTING MACHINE SETTERS, OPERATORS, AND TENDERS",High School
432,"    PRD-FURNACE, KILN, OVEN, DRIER, AND KETTLE OPERATORS AND TENDERS",High School
433,"    PRD-INSPECTORS, TESTERS, SORTERS, SAMPLERS, AND WEIGHERS",Some College
434,    PRD-JEWELERS AND PRECIOUS STONE AND METAL WORKERS,Some College
435,"    PRD-MEDICAL, DENTAL, AND OPHTHALMIC LABORATORY TECHNICIANS",Some College
436,    PRD-PACKAGING AND FILLING MACHINE OPERATORS AND TENDERS,High School
437,    PRD-PAINTING WORKERS,High School
438,    PRD-PHOTOGRAPHIC PROCESS WORKERS AND PROCESSING MACHINE OPERATORS,Some College
439,    PRD-ADHESIVE BONDING MACHINE OPERATORS AND TENDERS,High School
440,    PRD-ETCHERS AND ENGRAVERS,Some College
441,"    PRD-MOLDERS, SHAPERS, AND CASTERS, EXCEPT METAL AND PLASTIC",High School
442,"    PRD-PAPER GOODS MACHINE SETTERS, OPERATORS, AND TENDERS",High School
443,    PRD-TIRE BUILDERS,High School
444,    PRD-HELPERS-PRODUCTION WORKERS,High School
445,"    PRD-MISCELLANEOUS PRODUCTION WORKERS, INCLUDING SEMICONDUCTOR PROCESSORS",High School
446,    TRN-SUPERVISORS OF TRANSPORTATION AND MATERIAL MOVING WORKERS,Some College
447,    TRN-AIRCRAFT PILOTS AND FLIGHT ENGINEERS,Bachelor Degree
448,    TRN-AIR TRAFFIC CONTROLLERS AND AIRFIELD OPERATIONS SPECIALISTS,Some College
449,    TRN-FLIGHT ATTENDANTS,Some College
450,"    TRN-AMBULANCE DRIVERS AND ATTENDANTS, EXCEPT EMERGENCY MEDICAL TECHNICIANS",Some College
451,    TRN-BUS DRIVERS,Some College
452,    TRN-DRIVER/SALES WORKERS AND TRUCK DRIVERS,High School
453,    TRN-TAXI DRIVERS AND CHAUFFEURS,Some College
454,"    TRN-MOTOR VEHICLE OPERATORS, ALL OTHER",Some College
455,    TRN-LOCOMOTIVE ENGINEERS AND OPERATORS,Some College
456,    TRN-RAILROAD CONDUCTORS AND YARDMASTERS,Some College
457,"    TRN-SUBWAY, STREETCAR, AND OTHER RAIL TRANSPORTATION WORKERS",Some College
458,"    TRN-SAILORS AND MARINE OILERS, AND SHIP ENGINEERS",Some College
459,    TRN-SHIP AND BOAT CAPTAINS AND OPERATORS,Some College
460,    TRN-PARKING LOT ATTENDANTS,High School
461,    TRN-AUTOMOTIVE AND WATERCRAFT SERVICE ATTENDANTS,High School
462,    TRN-TRANSPORTATION INSPECTORS,Some College
463,"    TRN-TRANSPORTATION ATTENDANTS, EXCEPT FLIGHT ATTENDANTS",High School
464,"    TRN-MISCELLANEOUS TRANSPORTATION WORKERS, INCLUDING BRIDGE AND LOCK TENDERS AND TRAFFIC TECHNICIANS",Some College
465,    TRN-CRANE AND TOWER OPERATORS,High School
466,"    TRN-DREDGE, EXCAVATING, AND LOADING MACHINE OPERATORS",High School
467,"    TRN-CONVEYOR OPERATORS AND TENDERS, AND HOIST AND WINCH OPERATORS",High School
468,    TRN-INDUSTRIAL TRUCK AND TRACTOR OPERATORS,High School
469,    TRN-CLEANERS OF VEHICLES AND EQUIPMENT,High School
470,"    TRN-LABORERS AND FREIGHT, STOCK, AND MATERIAL MOVERS, HAND",High School
471,    TRN-MACHINE FEEDERS AND OFFBEARERS,High School
472,"    TRN-PACKERS AND PACKAGERS, HAND",High School
473,    TRN-PUMPING STATION OPERATORS,High School
474,    TRN-REFUSE AND RECYCLABLE MATERIAL COLLECTORS,High School
475,"    TRN-MISCELLANEOUS MATERIAL MOVING WORKERS, INCLUDING MINE SHUTTLE CAR OPERATORS, AND TANK CAR, TRUCK, AND SHIP LOADERS",High School
476,    MIL-MILITARY OFFICER SPECIAL AND TACTICAL OPERATIONS LEADERS,Bachelor Degree
477,    MIL-FIRST-LINE ENLISTED MILITARY SUPERVISORS,Some College
478,    MIL-MILITARY ENLISTED TACTICAL OPERATIONS AND AIR/WEAPONS SPECIALISTS AND CREW MEMBERS,Some College
479,"    MIL-MILITARY, RANK NOT SPECIFIED **",Some College
480,    UNEMPLOYED AND LAST WORKED 5 YEARS AGO OR EARLIER OR NEVER WORKED **,High School
