" "," ","Total DEAR","Yes","No","Total WAGP","Average WAGP","Std Err WAGP","Weighted total WAGP"
"     Total OCCP", ,321418821,11753770,309665051,321418821,22291.9,34.23,7165038508522
"     N/A (less than 16 years old/NILF who last worked more than 5 years ago or never worked)", ,131982067,7370247,124611820,131982067,-0.5,0.00,-60982320
"     MGR-CHIEF EXECUTIVES AND LEGISLATORS", ,1392778,50910,1341868,1392778,137934.4,1955.66,192112038480
"     MGR-GENERAL AND OPERATIONS MANAGERS", ,1015250,20897,994353,1015250,76547.7,1253.45,77715005450
"     MGR-ADVERTISING AND PROMOTIONS MANAGERS", ,52236,473,51763,52236,64778.2,4865.46,3383756348
"     MGR-MARKETING AND SALES MANAGERS", ,1060182,13076,1047106,1060182,86943.2,1520.60,92175637540
"     MGR-PUBLIC RELATIONS AND FUNDRAISING MANAGERS", ,68850,731,68119,68850,72521.9,3961.85,4993130400
"     MGR-ADMINISTRATIVE SERVICES MANAGERS", ,174644,5440,169204,174644,59186.2,2254.21,10336512340
"     MGR-COMPUTER AND INFORMATION SYSTEMS MANAGERS", ,641839,10963,630876,641839,99972.5,1769.80,64166261580
"     MGR-FINANCIAL MANAGERS", ,1330439,23479,1306960,1330439,89112.2,1382.96,118558406680
"     MGR-COMPENSATION AND BENEFITS MANAGERS", ,22000,0,22000,22000,73378.4,6805.98,1614324450
"     MGR-HUMAN RESOURCES MANAGERS", ,468482,7178,461304,468482,70848.5,1628.64,33191269500
"     MGR-TRAINING AND DEVELOPMENT MANAGERS", ,78217,1508,76709,78217,64949.6,5266.49,5080160090
"     MGR-INDUSTRIAL PRODUCTION MANAGERS", ,276723,8491,268232,276723,73507.3,2123.90,20341173690
"     MGR-PURCHASING MANAGERS", ,230361,3971,226390,230361,70377.7,2203.77,16212276580
"     MGR-TRANSPORTATION, STORAGE, AND DISTRIBUTION MANAGERS", ,276245,7640,268605,276245,51876.2,1718.60,14330528350
"     MGR-FARMERS, RANCHERS, AND OTHER AGRICULTURAL MANAGERS", ,735522,43804,691718,735522,19357.6,610.80,14237945082
"     MGR-CONSTRUCTION MANAGERS", ,692452,24903,667549,692452,59381.7,1297.54,41118986590
"     MGR-EDUCATION ADMINISTRATORS", ,1051924,16105,1035819,1051924,59265.4,920.98,62342699320
"     MGR-ARCHITECTURAL AND ENGINEERING MANAGERS", ,173307,4218,169089,173307,130742.3,4524.98,22658561400
"     MGR-FOOD SERVICE MANAGERS", ,1140512,15936,1124576,1140512,34753.0,688.97,39636159160
"     MGR-GAMING MANAGERS", ,21642,431,21211,21642,45986.2,5107.54,995233590
"     MGR-LODGING MANAGERS", ,170580,5007,165573,170580,41336.3,1847.31,7051153708
"     MGR-MEDICAL AND HEALTH SERVICES MANAGERS", ,746339,11297,735042,746339,73305.9,1533.65,54711051520
"     MGR-NATURAL SCIENCES MANAGERS", ,23849,0,23849,23849,86778.4,8695.07,2069577000
"     MGR-PROPERTY, REAL ESTATE, AND COMMUNITY ASSOCIATION MANAGERS", ,709163,20658,688505,709163,49079.0,1135.52,34805036920
"     MGR-SOCIAL AND COMMUNITY SERVICE MANAGERS", ,424980,8952,416028,424980,51221.4,1283.51,21768058070
"     MGR-EMERGENCY MANAGEMENT DIRECTORS", ,11458,851,10607,11458,55224.3,7298.64,632759700
"     MGR-MISCELLANEOUS MANAGERS, INCLUDING FUNERAL SERVICE MANAGERS AND POSTMASTERS AND MAIL SUPERINTENDENTS", ,4952760,125542,4827218,4952760,75380.3,592.33,373340615802
"     BUS-AGENTS AND BUSINESS MANAGERS OF ARTISTS, PERFORMERS, AND ATHLETES", ,50221,1021,49200,50221,53023.6,8617.57,2662897230
"     BUS-BUYERS AND PURCHASING AGENTS, FARM PRODUCTS", ,13674,714,12960,13674,38954.5,6084.49,532663450
"     BUS-WHOLESALE AND RETAIL BUYERS, EXCEPT FARM PRODUCTS", ,252629,4427,248202,252629,32958.5,1229.60,8326272830
"     BUS-PURCHASING AGENTS, EXCEPT WHOLESALE, RETAIL, AND FARM PRODUCTS", ,322294,8487,313807,322294,50216.8,1390.27,16184557980
"     BUS-CLAIMS ADJUSTERS, APPRAISERS, EXAMINERS, AND INVESTIGATORS", ,334300,6500,327800,334300,48778.7,1332.93,16306704100
"     BUS-COMPLIANCE OFFICERS", ,257416,6308,251108,257416,65333.6,2080.79,16817912380
"     BUS-COST ESTIMATORS", ,153009,5125,147884,153009,55117.9,2111.54,8433531350
"     BUS-HUMAN RESOURCES WORKERS", ,878756,13810,864946,878756,55374.5,1065.78,48660659740
"     BUS-COMPENSATION, BENEFITS, AND JOB ANALYSIS SPECIALISTS", ,67248,1300,65948,67248,48994.7,3026.28,3294792330
"     BUS-TRAINING AND DEVELOPMENT SPECIALISTS", ,184004,5179,178825,184004,50473.0,1909.72,9287236730
"     BUS-LOGISTICIANS", ,168057,4503,163554,168057,49037.3,1941.69,8241067690
"     BUS-MANAGEMENT ANALYSTS", ,985115,23120,961995,985115,68271.6,1291.08,67255346150
"     BUS-MEETING, CONVENTION, AND EVENT PLANNERS", ,165184,1376,163808,165184,33410.2,1632.94,5518823040
"     BUS-FUNDRAISERS", ,117872,2039,115833,117872,46109.7,2273.49,5435045890
"     BUS-MARKET RESEARCH ANALYSTS AND MARKETING SPECIALISTS", ,339334,4027,335307,339334,65364.7,2106.46,22180474830
"     BUS-BUSINESS OPERATIONS SPECIALISTS, ALL OTHER", ,341158,5479,335679,341158,62108.6,1990.11,21188849000
"     FIN-ACCOUNTANTS AND AUDITORS", ,2236160,38306,2197854,2236160,59154.5,675.97,132278884020
"     FIN-APPRAISERS AND ASSESSORS OF REAL ESTATE", ,107099,4063,103036,107099,38474.7,2148.77,4120604880
"     FIN-BUDGET ANALYSTS", ,55548,1485,54063,55548,70053.9,4359.09,3891356100
"     FIN-CREDIT ANALYSTS", ,31286,249,31037,31286,63825.5,5628.71,1996844600
"     FIN-FINANCIAL ANALYSTS", ,254720,3171,251549,254720,95274.7,3299.27,24268380140
"     FIN-PERSONAL FINANCIAL ADVISORS", ,405533,7538,397995,405533,103827.3,3003.40,42105398540
"     FIN-INSURANCE UNDERWRITERS", ,124707,1729,122978,124707,62275.8,2655.79,7766226700
"     FIN-FINANCIAL EXAMINERS", ,14366,552,13814,14366,86885.0,11347.35,1248189200
"     FIN-CREDIT COUNSELORS AND LOAN OFFICERS", ,346913,6584,340329,346913,64676.6,2088.99,22437166300
"     FIN-TAX EXAMINERS AND COLLECTORS, AND REVENUE AGENTS", ,75501,2207,73294,75501,45747.2,2479.38,3453960690
"     FIN-TAX PREPARERS", ,162469,6359,156110,162469,28256.1,1686.18,4590747880
"     FIN-FINANCIAL SPECIALISTS, ALL OTHER", ,61689,1915,59774,61689,79486.0,5624.23,4903408800
"     CMM-COMPUTER AND INFORMATION RESEARCH SCIENTISTS", ,22971,74,22897,22971,73330.2,7313.24,1684468400
"     CMM-COMPUTER SYSTEMS ANALYSTS", ,552870,9356,543514,552870,71287.3,1472.22,39412615920
"     CMM-INFORMATION SECURITY ANALYSTS", ,71627,1117,70510,71627,84797.7,4506.59,6073805770
"     CMM-COMPUTER PROGRAMMERS", ,508834,8387,500447,508834,70577.8,1490.67,35912404700
"     CMM-SOFTWARE DEVELOPERS, APPLICATIONS AND SYSTEMS SOFTWARE", ,1302041,15418,1286623,1302041,90582.4,1146.49,117941956210
"     CMM-WEB DEVELOPERS", ,221806,3202,218604,221806,45119.8,1644.94,10007839290
"     CMM-COMPUTER SUPPORT SPECIALISTS", ,736514,15251,721263,736514,52652.6,1038.15,38779407180
"     CMM-DATABASE ADMINISTRATORS", ,129397,1678,127719,129397,70205.2,2774.39,9084345370
"     CMM-NETWORK AND COMPUTER SYSTEMS ADMINISTRATORS", ,232037,5074,226963,232037,63270.0,1817.26,14680987970
"     CMM-COMPUTER NETWORK ARCHITECTS", ,116267,973,115294,116267,90643.2,3704.07,10538811400
"     CMM-COMPUTER OCCUPATIONS, ALL OTHER", ,655014,8848,646166,655014,64037.4,1278.00,41945397980
"     CMM-ACTUARIES", ,30414,126,30288,30414,114220.2,10085.72,3473892400
"     CMM-OPERATIONS RESEARCH ANALYSTS", ,159200,5163,154037,159200,72482.1,2460.60,11539155460
"     CMM-MISCELLANEOUS MATHEMATICAL SCIENCE OCCUPATIONS, INCLUDING MATHEMATICIANS AND STATISTICIANS", ,59105,640,58465,59105,80275.5,4983.90,4744685800
"     ENG-ARCHITECTS, EXCEPT NAVAL", ,198661,3796,194865,198661,70724.6,2741.25,14050215250
"     ENG-SURVEYORS, CARTOGRAPHERS, AND PHOTOGRAMMETRISTS", ,38696,1111,37585,38696,45992.9,3673.39,1779742700
"     ENG-AEROSPACE ENGINEERS", ,135402,3045,132357,135402,91383.4,3522.17,12373491400
"     ENG-BIOMEDICAL AND AGRICULTURAL ENGINEERS", ,17543,916,16627,17543,75127.4,7964.40,1317960800
"     ENG-CHEMICAL ENGINEERS", ,74588,1375,73213,74588,99119.3,5722.10,7393110800
"     ENG-CIVIL ENGINEERS", ,359066,8636,350430,359066,75839.1,1810.80,27231256460
"     ENG-COMPUTER HARDWARE ENGINEERS", ,58597,608,57989,58597,88170.8,5023.19,5166544300
"     ENG-ELECTRICAL AND ELECTRONICS ENGINEERS", ,241936,5201,236735,241936,86267.1,2579.88,20871114600
"     ENG-ENVIRONMENTAL ENGINEERS", ,34488,598,33890,34488,70260.9,5332.43,2423157300
"     ENG-INDUSTRIAL ENGINEERS, INCLUDING HEALTH AND SAFETY", ,225457,5241,220216,225457,69411.2,2086.39,15649249960
"     ENG-MARINE ENGINEERS AND NAVAL ARCHITECTS", ,14571,752,13819,14571,74885.0,8291.09,1091148700
"     ENG-MATERIALS ENGINEERS", ,47868,805,47063,47868,75485.1,4894.07,3613321600
"     ENG-MECHANICAL ENGINEERS", ,275686,5253,270433,275686,77139.2,2053.41,21266185510
"     ENG-PETROLEUM, MINING AND GEOLOGICAL ENGINEERS, INCLUDING MINING SAFETY ENGINEERS", ,55551,766,54785,55551,123686.0,9513.87,6870881300
"     ENG-MISCELLANEOUS ENGINEERS, INCLUDING NUCLEAR ENGINEERS", ,609371,15845,593526,609371,85450.8,1584.42,52071254510
"     ENG-DRAFTERS", ,188214,5725,182489,188214,41117.1,1445.90,7738819550
"     ENG-ENGINEERING TECHNICIANS, EXCEPT DRAFTERS", ,437377,16907,420470,437377,46954.4,1134.53,20536786648
"     ENG-SURVEYING AND MAPPING TECHNICIANS", ,82599,3093,79506,82599,38761.7,2630.33,3201673700
"     SCI-AGRICULTURAL AND FOOD SCIENTISTS", ,24958,459,24499,24958,51445.8,4534.46,1283984800
"     SCI-BIOLOGICAL SCIENTISTS", ,83631,1041,82590,83631,56433.0,3040.70,4719550700
"     SCI-CONSERVATION SCIENTISTS AND FORESTERS", ,23353,877,22476,23353,50453.5,4868.91,1178240900
"     SCI-MEDICAL SCIENTISTS, AND LIFE SCIENTISTS, ALL OTHER", ,173221,1580,171641,173221,79850.2,3117.46,13831732000
"     SCI-ASTRONOMERS AND PHYSICISTS", ,11731,137,11594,11731,85080.4,18896.96,998078200
"     SCI-ATMOSPHERIC AND SPACE SCIENTISTS", ,13702,256,13446,13702,66926.5,8663.35,917027000
"     SCI-CHEMISTS AND MATERIALS SCIENTISTS", ,97501,1402,96099,97501,70466.6,4058.49,6870565040
"     SCI-ENVIRONMENTAL SCIENTISTS AND GEOSCIENTISTS", ,83382,2006,81376,83382,83476.8,5024.86,6960461500
"     SCI-PHYSICAL SCIENTISTS, ALL OTHER", ,247948,2328,245620,247948,71301.9,2151.03,17679174350
"     SCI-ECONOMISTS", ,24968,638,24330,24968,114670.5,9838.75,2863094100
"     SCI-PSYCHOLOGISTS", ,223803,5405,218398,223803,47810.6,1750.32,10700158340
"     SCI-URBAN AND REGIONAL PLANNERS", ,26474,725,25749,26474,58818.5,5080.25,1557161300
"     SCI-MISCELLANEOUS SOCIAL SCIENTISTS, INCLUDING SURVEY RESEARCHERS AND SOCIOLOGISTS", ,47512,1640,45872,47512,43341.5,3322.94,2059239780
"     SCI-AGRICULTURAL AND FOOD SCIENCE TECHNICIANS", ,45093,1236,43857,45093,40906.4,3496.03,1844590530
"     SCI-BIOLOGICAL TECHNICIANS", ,27003,459,26544,27003,45529.1,4942.62,1229423500
"     SCI-CHEMICAL TECHNICIANS", ,85990,1405,84585,85990,46126.6,2350.98,3966428800
"     SCI-GEOLOGICAL AND PETROLEUM TECHNICIANS, AND NUCLEAR TECHNICIANS", ,28053,1060,26993,28053,61703.9,5973.25,1730980400
"     SCI-MISCELLANEOUS LIFE, PHYSICAL, AND SOCIAL SCIENCE TECHNICIANS, INCLUDING SOCIAL SCIENCE RESEARCH ASSISTANTS", ,299566,4042,295524,299566,28096.2,955.54,8416656950
"     CMS-COUNSELORS", ,974397,21201,953196,974397,33950.1,619.25,33080879070
"     CMS-SOCIAL WORKERS", ,978133,18305,959828,978133,37545.2,578.68,36724200570
"     CMS-PROBATION OFFICERS AND CORRECTIONAL TREATMENT SPECIALISTS", ,100261,1676,98585,100261,44453.2,2048.18,4456920760
"     CMS-SOCIAL AND HUMAN SERVICE ASSISTANTS", ,228827,5664,223163,228827,29905.9,1061.26,6843275160
"     CMS-MISCELLANEOUS COMMUNITY AND SOCIAL SERVICE SPECIALISTS, INCLUDING HEALTH EDUCATORS AND COMMUNITY HEALTH WORKERS", ,115930,2445,113485,115930,35288.4,1800.45,4090985270
"     CMS-CLERGY", ,498439,25433,473006,498439,35008.8,782.35,17449750170
"     CMS-DIRECTORS, RELIGIOUS ACTIVITIES AND EDUCATION", ,86386,1883,84503,86386,33002.1,1806.78,2850916510
"     CMS-RELIGIOUS WORKERS, ALL OTHER", ,95078,2133,92945,95078,21169.3,1324.25,2012736210
"     LGL-LAWYERS, AND JUDGES, MAGISTRATES, AND OTHER JUDICIAL WORKERS", ,1241388,32205,1209183,1241388,119680.5,1885.15,148569886600
"     LGL-JUDICIAL LAW CLERKS", ,26775,488,26287,26775,46059.2,5188.88,1233236100
"     LGL-PARALEGALS AND LEGAL ASSISTANTS", ,480371,6543,473828,480371,41805.2,1136.06,20082013664
"     LGL-MISCELLANEOUS LEGAL SUPPORT WORKERS", ,207677,3735,203942,207677,43907.6,1753.00,9118596460
"     EDU-POSTSECONDARY TEACHERS", ,1843402,41357,1802045,1843402,48287.2,594.16,89012695960
"     EDU-PRESCHOOL AND KINDERGARTEN TEACHERS", ,736384,8582,727802,736384,19187.1,407.45,14129060250
"     EDU-ELEMENTARY AND MIDDLE SCHOOL TEACHERS", ,4287786,67889,4219897,4287786,39087.1,275.56,167596958100
"     EDU-SECONDARY SCHOOL TEACHERS", ,950132,15461,934671,950132,43177.4,653.81,41024254870
"     EDU-SPECIAL EDUCATION TEACHERS", ,308704,4678,304026,308704,38621.3,1109.53,11922563940
"     EDU-OTHER TEACHERS AND INSTRUCTORS", ,1195962,25737,1170225,1195962,20139.2,416.55,24085719370
"     EDU-ARCHIVISTS, CURATORS, AND MUSEUM TECHNICIANS", ,58332,1032,57300,58332,36674.1,2476.42,2139275930
"     EDU-LIBRARIANS", ,215867,6446,209421,215867,34169.4,1103.16,7376038200
"     EDU-LIBRARY TECHNICIANS", ,66422,1281,65141,66422,15287.0,1518.60,1015395110
"     EDU-TEACHER ASSISTANTS", ,1349582,23957,1325625,1349582,16272.3,281.19,21960760542
"     EDU-OTHER EDUCATION, TRAINING, AND LIBRARY WORKERS", ,142713,2517,140196,142713,37437.7,1669.15,5342849120
"     ENT-ARTISTS AND RELATED WORKERS", ,262648,9695,252953,262648,26401.4,1364.28,6934279680
"     ENT-DESIGNERS", ,1035662,15864,1019798,1035662,39110.8,754.26,40505519990
"     ENT-ACTORS", ,80258,1316,78942,80258,23362.7,2946.60,1875043520
"     ENT-PRODUCERS AND DIRECTORS", ,180368,1761,178607,180368,63538.6,2888.15,11460338510
"     ENT-ATHLETES, COACHES, UMPIRES, AND RELATED WORKERS", ,431818,3914,427904,431818,22002.2,1118.77,9500946330
"     ENT-DANCERS AND CHOREOGRAPHERS", ,30117,491,29626,30117,21118.2,2944.95,636016460
"     ENT-MUSICIANS, SINGERS, AND RELATED WORKERS", ,276217,7118,269099,276217,18916.5,1230.58,5225064380
"     ENT-ENTERTAINERS AND PERFORMERS, SPORTS AND RELATED WORKERS, ALL OTHER", ,58856,1718,57138,58856,17534.8,1873.23,1032028610
"     ENT-ANNOUNCERS", ,61687,443,61244,61687,33629.1,3322.58,2074477290
"     ENT-NEWS ANALYSTS, REPORTERS AND CORRESPONDENTS", ,91014,1114,89900,91014,49712.0,4031.80,4524483800
"     ENT-PUBLIC RELATIONS SPECIALISTS", ,154894,2802,152092,154894,61582.1,2829.73,9538698470
"     ENT-EDITORS", ,226168,4250,221918,226168,42321.9,1741.30,9571860110
"     ENT-TECHNICAL WRITERS", ,68598,1989,66609,68598,54379.0,3063.92,3730291790
"     ENT-WRITERS AND AUTHORS", ,300943,6331,294612,300943,34839.2,1564.34,10484609390
"     ENT-MISCELLANEOUS MEDIA AND COMMUNICATION WORKERS", ,140856,2603,138253,140856,24981.9,1518.43,3518852194
"     ENT-BROADCAST AND SOUND ENGINEERING TECHNICIANS AND RADIO OPERATORS, AND MEDIA AND COMMUNICATION EQUIPMENT WORKERS, ALL OTHER", ,129468,1648,127820,129468,39217.6,1998.96,5077421020
"     ENT-PHOTOGRAPHERS", ,241362,4736,236626,241362,16869.2,977.81,4071585930
"     ENT-TELEVISION, VIDEO, AND MOTION PICTURE CAMERA OPERATORS AND EDITORS", ,79332,861,78471,79332,35366.2,2712.35,2805668420
"     MED-CHIROPRACTORS", ,58847,1281,57566,58847,55820.3,5078.35,3284855900
"     MED-DENTISTS", ,179563,4124,175439,179563,124640.9,4855.19,22380886450
"     MED-DIETITIANS AND NUTRITIONISTS", ,110026,1355,108671,110026,38513.5,2691.72,4237481820
"     MED-OPTOMETRISTS", ,39758,838,38920,39758,85471.5,6496.97,3398176000
"     MED-PHARMACISTS", ,336624,5893,330731,336624,86644.6,2195.39,29166647080
"     MED-PHYSICIANS AND SURGEONS", ,984445,15584,968861,984445,192009.9,2883.29,189023195810
"     MED-PHYSICIAN ASSISTANTS", ,100973,1955,99018,100973,85022.0,3870.05,8584925660
"     MED-PODIATRISTS", ,8428,214,8214,8428,116267.1,20488.80,979899000
"     MED-AUDIOLOGISTS", ,17290,645,16645,17290,59166.8,5353.76,1022993900
"     MED-OCCUPATIONAL THERAPISTS", ,117355,1384,115971,117355,53389.5,2238.93,6265522300
"     MED-PHYSICAL THERAPISTS", ,255855,3364,252491,255855,60572.1,1965.96,15497673470
"     MED-RADIATION THERAPISTS", ,18597,195,18402,18597,64577.8,6300.49,1200952800
"     MED-RECREATIONAL THERAPISTS", ,12247,158,12089,12247,33030.4,4539.84,404523660
"     MED-RESPIRATORY THERAPISTS", ,114521,2237,112284,114521,50166.8,2301.05,5745155950
"     MED-SPEECH-LANGUAGE PATHOLOGISTS", ,169868,2561,167307,169868,47571.1,1724.10,8080815560
"     MED-OTHER THERAPISTS, INCLUDING EXERCISE PHYSIOLOGISTS", ,182240,2319,179921,182240,35264.6,1391.38,6426617730
"     MED-VETERINARIANS", ,79352,1826,77526,79352,83180.7,4796.97,6600555570
"     MED-REGISTERED NURSES", ,3524932,51052,3473880,3524932,53748.8,448.61,189460913940
"     MED-NURSE ANESTHETISTS", ,30481,341,30140,30481,142463.3,11662.04,4342423900
"     MED-NURSE PRACTITIONERS, AND NURSE MIDWIVES", ,142956,1139,141817,142956,85312.5,3352.74,12195935100
"     MED-HEALTH DIAGNOSING AND TREATING PRACTITIONERS, ALL OTHER", ,30659,537,30122,30659,30935.3,4643.32,948444340
"     MED-CLINICAL LABORATORY TECHNOLOGISTS AND TECHNICIANS", ,385569,4795,380774,385569,39443.1,1121.92,15208020330
"     MED-DENTAL HYGIENISTS", ,199866,1226,198640,199866,44156.4,1601.70,8825366610
"     MED-DIAGNOSTIC RELATED TECHNOLOGISTS AND TECHNICIANS", ,391880,5805,386075,391880,48135.7,1184.23,18863413550
"     MED-EMERGENCY MEDICAL TECHNICIANS AND PARAMEDICS", ,232958,4258,228700,232958,38385.9,1745.62,8942302550
"     MED-HEALTH PRACTITIONER SUPPORT TECHNOLOGISTS AND TECHNICIANS", ,728655,8641,720014,728655,27142.3,565.04,19777380060
"     MED-LICENSED PRACTICAL AND LICENSED VOCATIONAL NURSES", ,1001304,18942,982362,1001304,30436.4,583.01,30476055070
"     MED-MEDICAL RECORDS AND HEALTH INFORMATION TECHNICIANS", ,213152,2907,210245,213152,33079.5,1224.85,7050959760
"     MED-OPTICIANS, DISPENSING", ,65705,1798,63907,65705,33525.4,2484.26,2202786200
"     MED-MISCELLANEOUS HEALTH TECHNOLOGISTS AND TECHNICIANS", ,146804,2896,143908,146804,39907.2,2199.61,5858537520
"     MED-OTHER HEALTHCARE PRACTITIONERS AND TECHNICAL OCCUPATIONS", ,151892,4260,147632,151892,50273.5,2071.36,7636146440
"     HLS-NURSING, PSYCHIATRIC, AND HOME HEALTH AIDES", ,2592419,48199,2544220,2592419,18920.1,247.37,49048797280
"     HLS-OCCUPATIONAL THERAPY ASSISTANTS AND AIDES", ,24974,403,24571,24974,34523.4,2981.50,862188400
"     HLS-PHYSICAL THERAPIST ASSISTANTS AND AIDES", ,102225,625,101600,102225,30485.1,1562.67,3116337380
"     HLS-MASSAGE THERAPISTS", ,205906,3523,202383,205906,14391.2,658.81,2963233940
"     HLS-DENTAL ASSISTANTS", ,366021,3586,362435,366021,25001.7,764.27,9151134460
"     HLS-MEDICAL ASSISTANTS", ,620475,6585,613890,620475,24382.8,531.63,15128936930
"     HLS-MEDICAL TRANSCRIPTIONISTS", ,62726,1345,61381,62726,17057.1,1170.55,1069926070
"     HLS-PHARMACY AIDES", ,54432,536,53896,54432,25217.8,2010.40,1372655120
"     HLS-VETERINARY ASSISTANTS AND LABORATORY ANIMAL CARETAKERS", ,65909,996,64913,65909,18030.2,1469.80,1188352670
"     HLS-PHLEBOTOMISTS", ,145239,1419,143820,145239,23974.0,1044.98,3481960670
"     HLS-HEALTHCARE SUPPORT WORKERS, ALL OTHER, INCLUDING MEDICAL EQUIPMENT PREPARERS", ,198647,4478,194169,198647,22483.7,941.73,4466320900
"     PRT-FIRST-LINE SUPERVISORS OF CORRECTIONAL OFFICERS", ,71980,3811,68169,71980,48857.4,2785.53,3516756000
"     PRT-FIRST-LINE SUPERVISORS OF POLICE AND DETECTIVES", ,119799,2876,116923,119799,70324.6,2873.17,8424817610
"     PRT-FIRST-LINE SUPERVISORS OF FIRE FIGHTING AND PREVENTION WORKERS", ,58098,2174,55924,58098,73292.9,4133.00,4258169000
"     PRT-FIRST-LINE SUPERVISORS OF PROTECTIVE SERVICE WORKERS, ALL OTHER", ,87906,3700,84206,87906,47391.7,2475.71,4166013200
"     PRT-FIREFIGHTERS", ,316525,8055,308470,316525,59252.9,1524.46,18755008880
"     PRT-FIRE INSPECTORS", ,23948,413,23535,23948,44571.1,3936.46,1067389300
"     PRT-BAILIFFS, CORRECTIONAL OFFICERS, AND JAILERS", ,491804,14423,477381,491804,41157.8,942.75,20241563780
"     PRT-DETECTIVES AND CRIMINAL INVESTIGATORS", ,146053,3857,142196,146053,67384.5,2718.14,9841702160
"     PRT-MISCELLANEOUS LAW ENFORCEMENT WORKERS", ,16286,449,15837,16286,32325.5,3830.54,526452390
"     PRT-POLICE OFFICERS", ,812642,19808,792834,812642,58646.6,986.73,47658652220
"     PRT-ANIMAL CONTROL WORKERS", ,11154,113,11041,11154,36285.7,5039.94,404730500
"     PRT-PRIVATE DETECTIVES AND INVESTIGATORS", ,98862,3627,95235,98862,46753.8,2501.80,4622177420
"     PRT-SECURITY GUARDS AND GAMING SURVEILLANCE OFFICERS", ,1267640,45450,1222190,1267640,24968.8,446.37,31651405420
"     PRT-CROSSING GUARDS", ,90838,4213,86625,90838,13731.4,1093.43,1247328500
"     PRT-TRANSPORTATION SECURITY SCREENERS", ,38424,1382,37042,38424,39204.6,3183.76,1506396920
"     PRT-LIFEGUARDS AND OTHER RECREATIONAL, AND ALL OTHER PROTECTIVE SERVICE WORKERS", ,335198,2430,332768,335198,6427.6,355.86,2154534770
"     EAT-CHEFS AND HEAD COOKS", ,501335,10762,490573,501335,27149.7,701.36,13611077350
"     EAT-FIRST-LINE SUPERVISORS OF FOOD PREPARATION AND SERVING WORKERS", ,653130,10456,642674,653130,22811.1,617.15,14898623580
"     EAT-COOKS", ,3136700,50553,3086147,3136700,13366.2,164.94,41925847698
"     EAT-FOOD PREPARATION WORKERS", ,1368983,25543,1343440,1368983,10404.3,204.01,14243243674
"     EAT-BARTENDERS", ,531358,7092,524266,531358,19399.9,594.48,10308272700
"     EAT-COMBINED FOOD PREPARATION AND SERVING WORKERS, INCLUDING FAST FOOD", ,537881,7824,530057,537881,10018.9,304.92,5388992430
"     EAT-COUNTER ATTENDANTS, CAFETERIA, FOOD CONCESSION, AND COFFEE SHOP", ,307589,3831,303758,307589,6527.2,287.71,2007693870
"     EAT-WAITERS AND WAITRESSES", ,2952977,25172,2927805,2952977,12746.5,154.80,37640155772
"     EAT-FOOD SERVERS, NONRESTAURANT", ,247798,4492,243306,247798,13246.4,508.33,3282442680
"     EAT-MISCELLANEOUS FOOD PREPARATION AND SERVING RELATED WORKERS, INCLUDING DINING ROOM AND CAFETERIA ATTENDANTS AND BARTENDER HELPERS", ,513349,9237,504112,513349,9847.7,325.18,5055289750
"     EAT-DISHWASHERS", ,500205,12774,487431,500205,8654.1,302.09,4328801530
"     EAT-HOSTS AND HOSTESSES, RESTAURANT, LOUNGE, AND COFFEE SHOP", ,448069,3716,444353,448069,6745.0,240.93,3022218890
"     CLN-FIRST-LINE SUPERVISORS OF HOUSEKEEPING AND JANITORIAL WORKERS", ,274195,8885,265310,274195,28790.0,1092.05,7894084340
"     CLN-FIRST-LINE SUPERVISORS OF LANDSCAPING, LAWN SERVICE, AND GROUNDSKEEPING WORKERS", ,180129,5942,174187,180129,29542.0,1377.92,5321366740
"     CLN-JANITORS AND BUILDING CLEANERS", ,3302683,116746,3185937,3302683,17568.9,191.48,58024617466
"     CLN-MAIDS AND HOUSEKEEPING CLEANERS", ,2094785,47602,2047183,2094785,10775.6,180.53,22572578360
"     CLN-PEST CONTROL WORKERS", ,87321,2407,84914,87321,27417.0,1509.37,2394081020
"     CLN-GROUNDS MAINTENANCE WORKERS", ,1849854,55943,1793911,1849854,13569.4,222.49,25101403740
"     PRS-FIRST-LINE SUPERVISORS OF GAMING WORKERS", ,27273,314,26959,27273,35436.5,3192.26,966459900
"     PRS-FIRST-LINE SUPERVISORS OF PERSONAL SERVICE WORKERS", ,97828,1789,96039,97828,26973.8,1667.00,2638789168
"     PRS-ANIMAL TRAINERS", ,50543,1488,49055,50543,16746.2,1661.63,846402360
"     PRS-NONFARM ANIMAL CARETAKERS", ,309982,5944,304038,309982,12489.9,479.64,3871633694
"     PRS-GAMING SERVICES WORKERS", ,128669,2865,125804,128669,28523.9,1594.09,3670142010
"     PRS-MOTION PICTURE PROJECTIONISTS", ,4153,105,4048,4153,17389.0,7938.36,72216600
"     PRS-USHERS, LOBBY ATTENDANTS, AND TICKET TAKERS", ,77068,2765,74303,77068,6352.7,572.69,489590010
"     PRS-MISCELLANEOUS ENTERTAINMENT ATTENDANTS AND RELATED WORKERS", ,336801,6066,330735,336801,9270.1,405.88,3122193600
"     PRS-EMBALMERS AND FUNERAL ATTENDANTS", ,22648,1952,20696,22648,18939.8,2314.37,428947710
"     PRS-MORTICIANS, UNDERTAKERS, AND FUNERAL DIRECTORS", ,41638,2928,38710,41638,48299.1,4617.73,2011078950
"     PRS-BARBERS", ,123019,4935,118084,123019,10629.8,662.86,1307665820
"     PRS-HAIRDRESSERS, HAIRSTYLISTS, AND COSMETOLOGISTS", ,1006092,18951,987141,1006092,13368.0,316.21,13449487216
"     PRS-MISCELLANEOUS PERSONAL APPEARANCE WORKERS", ,373244,1860,371384,373244,14964.3,598.63,5585348060
"     PRS-BAGGAGE PORTERS, BELLHOPS, AND CONCIERGES", ,101167,3532,97635,101167,24875.4,1537.63,2516567600
"     PRS-TOUR AND TRAVEL GUIDES", ,84418,3591,80827,84418,12870.6,1156.31,1086512660
"     PRS-CHILDCARE WORKERS", ,1873551,30114,1843437,1873551,7865.2,159.80,14735832584
"     PRS-PERSONAL CARE AIDES", ,1804043,49484,1754559,1804043,13946.7,253.02,25160373520
"     PRS-RECREATION AND FITNESS WORKERS", ,638761,7922,630839,638761,13772.0,423.09,8797032550
"     PRS-RESIDENTIAL ADVISORS", ,93049,1924,91125,93049,12872.3,879.59,1197755980
"     PRS-PERSONAL CARE AND SERVICE WORKERS, ALL OTHER", ,202073,4509,197564,202073,13360.1,650.78,2699712740
"     SAL-FIRST-LINE SUPERVISORS OF RETAIL SALES WORKERS", ,3555499,71574,3483925,3555499,38509.7,411.43,136921319270
"     SAL-FIRST-LINE SUPERVISORS OF NON-RETAIL SALES WORKERS", ,1377281,33265,1344016,1377281,68334.5,1110.70,94115874470
"     SAL-CASHIERS", ,4895133,73318,4821815,4895133,10095.1,121.42,49417020506
"     SAL-COUNTER AND RENTAL CLERKS", ,124195,2494,121701,124195,20067.3,1309.10,2492256060
"     SAL-PARTS SALESPERSONS", ,142937,4641,138296,142937,29667.8,1690.91,4240629890
"     SAL-RETAIL SALESPERSONS", ,4703732,94593,4609139,4703732,20557.6,234.26,96697306066
"     SAL-ADVERTISING SALES AGENTS", ,196544,3766,192778,196544,57533.1,2451.23,11307783860
"     SAL-INSURANCE SALES AGENTS", ,649820,16213,633607,649820,50462.1,1372.41,32791309600
"     SAL-SECURITIES, COMMODITIES, AND FINANCIAL SERVICES SALES AGENTS", ,281203,4828,276375,281203,111362.2,4296.74,31315391010
"     SAL-TRAVEL AGENTS", ,93261,1961,91300,93261,26794.0,1529.18,2498833650
"     SAL-SALES REPRESENTATIVES, SERVICES, ALL OTHER", ,774785,18098,756687,774785,64298.8,1569.49,49817782740
"     SAL-SALES REPRESENTATIVES, WHOLESALE AND MANUFACTURING", ,1598791,39965,1558826,1598791,65774.0,909.98,105158865484
"     SAL-MODELS, DEMONSTRATORS, AND PRODUCT PROMOTERS", ,98187,5409,92778,98187,12711.7,1374.37,1248124380
"     SAL-REAL ESTATE BROKERS AND SALES AGENTS", ,995616,23808,971808,995616,40841.4,1034.54,40662372530
"     SAL-SALES ENGINEERS", ,38050,653,37397,38050,99899.2,7172.59,3801163500
"     SAL-TELEMARKETERS", ,141345,3901,137444,141345,14140.7,1029.63,1998723960
"     SAL-DOOR-TO-DOOR SALES WORKERS, NEWS AND STREET VENDORS, AND RELATED WORKERS", ,215346,7015,208331,215346,11074.2,707.04,2384784700
"     SAL-SALES AND RELATED WORKERS, ALL OTHER", ,374384,11163,363221,374384,43468.2,1549.57,16273814070
"     OFF-FIRST-LINE SUPERVISORS OF OFFICE AND ADMINISTRATIVE SUPPORT WORKERS", ,1621687,34133,1587554,1621687,45257.9,581.78,73394180140
"     OFF-SWITCHBOARD OPERATORS, INCLUDING ANSWERING SERVICE", ,41302,990,40312,41302,20552.1,1669.41,848841120
"     OFF-TELEPHONE OPERATORS", ,52448,1850,50598,52448,19189.9,1580.63,1006471790
"     OFF-COMMUNICATIONS EQUIPMENT OPERATORS, ALL OTHER", ,14030,296,13734,14030,37864.8,6369.96,531242900
"     OFF-BILL AND ACCOUNT COLLECTORS", ,214184,3483,210701,214184,27540.4,1012.95,5898721860
"     OFF-BILLING AND POSTING CLERKS", ,570422,12506,557916,570422,29322.9,732.05,16726424040
"     OFF-BOOKKEEPING, ACCOUNTING, AND AUDITING CLERKS", ,1492216,31357,1460859,1492216,28069.9,371.77,41886421820
"     OFF-GAMING CAGE WORKERS", ,8852,492,8360,8852,23033.9,3939.67,203896050
"     OFF-PAYROLL AND TIMEKEEPING CLERKS", ,199039,2488,196551,199039,34211.7,1166.17,6809460870
"     OFF-PROCUREMENT CLERKS", ,37241,851,36390,37241,48487.3,3725.80,1805714170
"     OFF-TELLERS", ,430230,5071,425159,430230,19575.0,589.77,8421737960
"     OFF-FINANCIAL CLERKS, ALL OTHER", ,141812,1038,140774,141812,60405.0,2869.02,8566149600
"     OFF-BROKERAGE CLERKS", ,6848,0,6848,6848,40629.0,7039.07,278227500
"     OFF-COURT, MUNICIPAL, AND LICENSE CLERKS", ,92228,2226,90002,92228,31407.0,1488.48,2896607010
"     OFF-CREDIT AUTHORIZERS, CHECKERS, AND CLERKS", ,59506,1128,58378,59506,37930.3,3075.11,2257080300
"     OFF-CUSTOMER SERVICE REPRESENTATIVES", ,3416863,54874,3361989,3416863,24661.2,258.44,84263988250
"     OFF-ELIGIBILITY INTERVIEWERS, GOVERNMENT PROGRAMS", ,88578,2018,86560,88578,35489.5,1706.64,3143587900
"     OFF-FILE CLERKS", ,358432,6965,351467,358432,19208.0,589.34,6884758160
"     OFF-HOTEL, MOTEL, AND RESORT DESK CLERKS", ,183520,1662,181858,183520,16502.1,795.35,3028457060
"     OFF-INTERVIEWERS, EXCEPT ELIGIBILITY AND LOAN", ,193951,5214,188737,193951,20494.7,911.29,3974964570
"     OFF-LIBRARY ASSISTANTS, CLERICAL", ,140462,3573,136889,140462,12882.7,616.12,1809528290
"     OFF-LOAN INTERVIEWERS AND CLERKS", ,136614,1830,134784,136614,37006.9,1615.58,5055653940
"     OFF-NEW ACCOUNTS CLERKS", ,18283,330,17953,18283,41781.6,5633.14,763893100
"     OFF-CORRESPONDENCE CLERKS AND ORDER CLERKS", ,181731,2948,178783,181731,24794.0,1119.45,4505837680
"     OFF-HUMAN RESOURCES ASSISTANTS, EXCEPT PAYROLL AND TIMEKEEPING", ,63888,642,63246,63888,30600.1,1796.72,1954978270
"     OFF-RECEPTIONISTS AND INFORMATION CLERKS", ,1566642,25508,1541134,1566642,17712.3,283.67,27748830120
"     OFF-RESERVATION AND TRANSPORTATION TICKET AGENTS AND TRAVEL CLERKS", ,155694,2483,153211,155694,29892.4,1294.03,4654069360
"     OFF-INFORMATION AND RECORD CLERKS, ALL OTHER", ,136642,4644,131998,136642,24680.5,1213.93,3372387930
"     OFF-CARGO AND FREIGHT AGENTS", ,24625,466,24159,24625,33801.0,3235.83,832350300
"     OFF-COURIERS AND MESSENGERS", ,279161,9682,269479,279161,25899.9,961.92,7230233400
"     OFF-DISPATCHERS", ,333940,7159,326781,333940,33398.2,940.66,11152990210
"     OFF-METER READERS, UTILITIES", ,34527,600,33927,34527,33777.2,3521.51,1166225960
"     OFF-POSTAL SERVICE CLERKS", ,140956,4192,136764,140956,39293.2,1638.68,5538609790
"     OFF-POSTAL SERVICE MAIL CARRIERS", ,394416,14059,380357,394416,40097.7,937.83,15815170660
"     OFF-POSTAL SERVICE MAIL SORTERS, PROCESSORS, AND PROCESSING MACHINE OPERATORS", ,89297,2870,86427,89297,35096.8,1784.78,3134036050
"     OFF-PRODUCTION, PLANNING, AND EXPEDITING CLERKS", ,373802,10255,363547,373802,40617.4,993.26,15182870140
"     OFF-SHIPPING, RECEIVING, AND TRAFFIC CLERKS", ,753914,16079,737835,753914,24618.7,477.85,18560401720
"     OFF-STOCK CLERKS AND ORDER FILLERS", ,2236001,60792,2175209,2236001,16927.5,229.51,37849805670
"     OFF-WEIGHERS, MEASURERS, CHECKERS, AND SAMPLERS, RECORDKEEPING", ,99525,2590,96935,99525,29551.5,1756.86,2941109150
"     OFF-SECRETARIES AND ADMINISTRATIVE ASSISTANTS", ,4196202,76514,4119688,4196202,27221.6,224.57,114227226090
"     OFF-COMPUTER OPERATORS", ,116006,1759,114247,116006,34477.2,1649.42,3999560070
"     OFF-DATA ENTRY KEYERS", ,474032,9181,464851,474032,22140.5,541.40,10495317930
"     OFF-WORD PROCESSORS AND TYPISTS", ,405599,7338,398261,405599,23093.6,600.53,9366742730
"     OFF-INSURANCE CLAIMS AND POLICY PROCESSING CLERKS", ,457514,6245,451269,457514,33324.4,784.51,15246358680
"     OFF-MAIL CLERKS AND MAIL MACHINE OPERATORS, EXCEPT POSTAL SERVICE", ,113040,2656,110384,113040,18788.1,960.38,2123810540
"     OFF-OFFICE CLERKS, GENERAL", ,1751032,31190,1719842,1751032,23303.1,332.66,40804552180
"     OFF-OFFICE MACHINE OPERATORS, EXCEPT COMPUTER", ,54694,1643,53051,54694,19081.5,1525.38,1043643720
"     OFF-PROOFREADERS AND COPY MARKERS", ,17276,917,16359,17276,17602.7,2277.55,304104070
"     OFF-STATISTICAL ASSISTANTS", ,24122,357,23765,24122,40587.4,4556.07,979049350
"     OFF-MISCELLANEOUS OFFICE AND ADMINISTRATIVE SUPPORT WORKERS, INCLUDING DESKTOP PUBLISHERS", ,771523,17373,754150,771523,32113.0,624.76,24775903268
"     FFF-FIRST-LINE SUPERVISORS OF FARMING, FISHING, AND FORESTRY WORKERS", ,70919,3764,67155,70919,33432.6,1933.71,2371004600
"     FFF-AGRICULTURAL INSPECTORS", ,18247,282,17965,18247,35379.6,4331.50,645571300
"     FFF-GRADERS AND SORTERS, AGRICULTURAL PRODUCTS", ,86378,2335,84043,86378,13854.6,1029.42,1196733940
"     FFF-MISCELLANEOUS AGRICULTURAL WORKERS, INCLUDING ANIMAL BREEDERS", ,1214057,30331,1183726,1214057,15986.2,292.29,19408205610
"     FFF-FISHING AND HUNTING WORKERS", ,60914,3188,57726,60914,14973.2,1974.89,912076490
"     FFF-FOREST AND CONSERVATION WORKERS", ,18332,477,17855,18332,23121.5,2929.94,423863640
"     FFF-LOGGING WORKERS", ,82828,4610,78218,82828,19466.4,1466.05,1612362260
"     CON-FIRST-LINE SUPERVISORS OF CONSTRUCTION TRADES AND EXTRACTION WORKERS", ,893450,36099,857351,893450,52783.6,962.20,47159471010
"     CON-BOILERMAKERS", ,22041,1277,20764,22041,49115.2,5476.78,1082547190
"     CON-BRICKMASONS, BLOCKMASONS, STONEMASONS, AND", ,185339,5818,179521,185339,25219.3,1185.30,4674120830
"     CON-CARPENTERS", ,1545329,52413,1492916,1545329,23455.5,402.74,36246472992
"     CON-CARPET, FLOOR, AND TILE INSTALLERS AND FINISHERS", ,186348,5148,181200,186348,21777.0,1228.30,4058103660
"     CON-CEMENT MASONS, CONCRETE FINISHERS, AND TERRAZZO WORKERS", ,73503,1155,72348,73503,28091.5,2498.80,2064806020
"     CON-CONSTRUCTION LABORERS", ,2383732,54030,2329702,2383732,22102.1,330.42,52685392982
"     CON-PAVING, SURFACING, AND TAMPING EQUIPMENT OPERATORS", ,19028,438,18590,19028,24538.7,3827.53,466923200
"     CON-CONSTRUCTION EQUIPMENT OPERATORS, EXCEPT PAVING, SURFACING, AND TAMPING EQUIPMENT OPERATORS", ,428143,23187,404956,428143,39825.9,1037.16,17051176480
"     CON-DRYWALL INSTALLERS, CEILING TILE INSTALLERS, AND TAPERS", ,190703,5000,185703,190703,22099.0,1071.04,4214336430
"     CON-ELECTRICIANS", ,932097,28084,904013,932097,43006.7,755.32,40086449460
"     CON-GLAZIERS", ,47146,1133,46013,47146,31638.5,2607.78,1491630600
"     CON-INSULATION WORKERS", ,50488,1510,48978,50488,32156.9,2531.34,1623538230
"     CON-PAINTERS AND PAPERHANGERS", ,763674,20383,743291,763674,18256.5,471.75,13941994690
"     CON-PIPELAYERS, PLUMBERS, PIPEFITTERS, AND STEAMFITTERS", ,648298,21547,626751,648298,38238.9,880.42,24790233820
"     CON-PLASTERERS AND STUCCO MASONS", ,40976,819,40157,40976,24722.0,2105.87,1013010680
"     CON-ROOFERS", ,288941,7385,281556,288941,20689.5,868.52,5978045840
"     CON-SHEET METAL WORKERS", ,155424,5859,149565,155424,35125.5,1444.66,5459340560
"     CON-STRUCTURAL IRON AND STEEL WORKERS", ,73250,2668,70582,73250,39076.9,2441.02,2862382520
"     CON-HELPERS, CONSTRUCTION TRADES", ,65441,1498,63943,65441,19973.5,1714.20,1307084960
"     CON-CONSTRUCTION AND BUILDING INSPECTORS", ,110612,5390,105222,110612,41088.6,2022.79,4544888310
"     CON-ELEVATOR INSTALLERS AND REPAIRERS", ,26913,266,26647,26913,69744.8,5923.95,1877041000
"     CON-FENCE ERECTORS", ,38975,924,38051,38975,18108.4,1851.82,705776300
"     CON-HAZARDOUS MATERIALS REMOVAL WORKERS", ,40733,1164,39569,40733,34216.1,2975.44,1393724500
"     CON-HIGHWAY MAINTENANCE WORKERS", ,136353,4994,131359,136353,33094.3,1504.34,4512501580
"     CON-RAIL-TRACK LAYING AND MAINTENANCE EQUIPMENT OPERATORS", ,18181,306,17875,18181,47405.0,5860.54,861869800
"     CON-MISCELLANEOUS CONSTRUCTION WORKERS, INCLUDING SOLAR PHOTOVOLTAIC INSTALLERS, SEPTIC TANK SERVICERS AND SEWER PIPE CLEANERS", ,94652,3306,91346,94652,25986.7,1654.70,2459692500
"     EXT-DERRICK, ROTARY DRILL, AND SERVICE UNIT OPERATORS, AND ROUSTABOUTS, OIL, GAS, AND MINING", ,55713,1948,53765,55713,65950.1,6034.77,3674279100
"     EXT-EARTH DRILLERS, EXCEPT OIL AND GAS", ,32516,1000,31516,32516,49046.8,4952.77,1594804900
"     EXT-EXPLOSIVES WORKERS, ORDNANCE HANDLING EXPERTS, AND BLASTERS", ,20559,666,19893,20559,38461.5,4752.00,790729700
"     EXT-MINING MACHINE OPERATORS", ,77250,3326,73924,77250,57130.6,3900.89,4413336760
"     EXT-MISCELLANEOUS EXTRACTION WORKERS, INCLUDING ROOF BOLTERS AND HELPERS", ,94463,2778,91685,94463,49227.5,2887.40,4650181100
"     RPR-FIRST-LINE SUPERVISORS OF MECHANICS, INSTALLERS, AND REPAIRERS", ,326553,15691,310862,326553,52409.2,1359.60,17114383150
"     RPR-COMPUTER, AUTOMATED TELLER, AND OFFICE MACHINE REPAIRERS", ,249161,8240,240921,249161,34194.2,1282.49,8519860380
"     RPR-RADIO AND TELECOMMUNICATIONS EQUIPMENT INSTALLERS AND REPAIRERS", ,200579,5612,194967,200579,42470.2,1543.57,8518637410
"     RPR-AVIONICS TECHNICIANS", ,30054,1032,29022,30054,39269.7,3739.14,1180211250
"     RPR-ELECTRIC MOTOR, POWER TOOL, AND RELATED REPAIRERS", ,28704,1288,27416,28704,39027.9,3674.61,1120257450
"     RPR-ELECTRICAL AND ELECTRONICS REPAIRERS, TRANSPORTATION EQUIPMENT, AND INDUSTRIAL AND UTILITY", ,23928,331,23597,23928,44561.7,4169.12,1066273100
"     RPR-ELECTRONIC EQUIPMENT INSTALLERS AND REPAIRERS, MOTOR VEHICLES", ,13420,382,13038,13420,44532.7,7625.51,597628300
"     RPR-ELECTRONIC HOME ENTERTAINMENT EQUIPMENT INSTALLERS AND REPAIRERS", ,49310,1345,47965,49310,32792.7,3975.90,1617010050
"     RPR-SECURITY AND FIRE ALARM SYSTEMS INSTALLERS", ,65964,979,64985,65964,38021.2,2454.27,2508029290
"     RPR-AIRCRAFT MECHANICS AND SERVICE TECHNICIANS", ,221944,7692,214252,221944,47259.3,1558.26,10488916630
"     RPR-AUTOMOTIVE BODY AND RELATED REPAIRERS", ,171625,5435,166190,171625,31754.5,1344.61,5449874260
"     RPR-AUTOMOTIVE GLASS INSTALLERS AND REPAIRERS", ,21495,428,21067,21495,26608.1,3295.95,571942140
"     RPR-AUTOMOTIVE SERVICE TECHNICIANS AND MECHANICS", ,990024,30476,959548,990024,29366.4,546.31,29073468530
"     RPR-BUS AND TRUCK MECHANICS AND DIESEL ENGINE SPECIALISTS", ,367945,12155,355790,367945,37156.1,967.56,13671400250
"     RPR-HEAVY VEHICLE AND MOBILE EQUIPMENT SERVICE TECHNICIANS AND MECHANICS", ,243256,13443,229813,243256,43494.3,1502.63,10580254750
"     RPR-SMALL ENGINE MECHANICS", ,63264,3156,60108,63264,22230.2,1971.67,1406372750
"     RPR-MISCELLANEOUS VEHICLE AND MOBILE EQUIPMENT MECHANICS, INSTALLERS, AND REPAIRERS", ,98999,2455,96544,98999,23816.9,1737.73,2357852290
"     RPR-CONTROL AND VALVE INSTALLERS AND REPAIRERS", ,24099,876,23223,24099,49057.7,4902.08,1182241720
"     RPR-HEATING, AIR CONDITIONING, AND REFRIGERATION MECHANICS AND INSTALLERS", ,432374,12063,420311,432374,36543.0,899.14,15800251850
"     RPR-HOME APPLIANCE REPAIRERS", ,45972,2269,43703,45972,28299.4,2666.93,1300978000
"     RPR-INDUSTRIAL AND REFRACTORY MACHINERY MECHANICS", ,470407,21474,448933,470407,43062.7,948.86,20256995590
"     RPR-MAINTENANCE AND REPAIR WORKERS, GENERAL", ,607940,28310,579630,607940,36030.3,731.56,21904282970
"     RPR-MAINTENANCE WORKERS, MACHINERY", ,39953,3336,36617,39953,45266.1,3793.95,1808516420
"     RPR-MILLWRIGHTS", ,59271,5058,54213,59271,48518.2,3063.23,2875721190
"     RPR-ELECTRICAL POWER-LINE INSTALLERS AND REPAIRERS", ,133693,2701,130992,133693,64071.5,2773.99,8565915570
"     RPR-TELECOMMUNICATIONS LINE INSTALLERS AND REPAIRERS", ,181065,5206,175859,181065,42699.2,1708.10,7731329920
"     RPR-PRECISION INSTRUMENT AND EQUIPMENT REPAIRERS", ,77051,3061,73990,77051,38440.9,2215.25,2961908770
"     RPR-COIN, VENDING, AND AMUSEMENT MACHINE SERVICERS AND REPAIRERS", ,41140,2684,38456,41140,23934.4,1880.02,984661270
"     RPR-LOCKSMITHS AND SAFE REPAIRERS", ,29794,2219,27575,29794,29738.8,3007.68,886038900
"     RPR-RIGGERS", ,12913,202,12711,12913,43722.1,5746.01,564583700
"     RPR-HELPERS--INSTALLATION, MAINTENANCE, AND REPAIR WORKERS", ,30764,1236,29528,30764,17992.8,1806.01,553531130
"     RPR-MISCELLANEOUS INSTALLATION, MAINTENANCE, AND REPAIR", ,365755,16373,349382,365755,31198.1,905.21,11410844640
"     PRD-FIRST-LINE SUPERVISORS OF PRODUCTION AND OPERATING WORKERS", ,1019233,35925,983308,1019233,51431.3,810.48,52420441910
"     PRD-AIRCRAFT STRUCTURE, SURFACES, RIGGING, AND SYSTEMS ASSEMBLERS", ,8895,215,8680,8895,36480.5,6279.97,324493810
"     PRD-ELECTRICAL, ELECTRONICS, AND ELECTROMECHANICAL ASSEMBLERS", ,168348,3983,164365,168348,26666.8,1135.06,4489297620
"     PRD-ENGINE AND OTHER MACHINE ASSEMBLERS", ,14956,295,14661,14956,33761.9,4128.41,504943040
"     PRD-STRUCTURAL METAL FABRICATORS AND FITTERS", ,36647,1079,35568,36647,32864.3,3085.20,1204379400
"     PRD-MISCELLANEOUS ASSEMBLERS AND FABRICATORS", ,1338170,39044,1299126,1338170,25544.9,412.32,34183435470
"     PRD-BAKERS", ,295402,5108,290294,295402,17604.4,646.18,5200382270
"     PRD-BUTCHERS AND OTHER MEAT, POULTRY, AND FISH PROCESSING WORKERS", ,328831,8353,320478,328831,23338.4,758.05,7674394590
"     PRD-FOOD AND TOBACCO ROASTING, BAKING, AND DRYING MACHINE OPERATORS AND TENDERS", ,11456,390,11066,11456,25917.9,3694.30,296915710
"     PRD-FOOD BATCHMAKERS", ,118230,2945,115285,118230,19183.4,963.51,2268056260
"     PRD-FOOD COOKING MACHINE OPERATORS AND TENDERS", ,12376,669,11707,12376,14819.7,2665.95,183408420
"     PRD-FOOD PROCESSING WORKERS, ALL OTHER", ,159450,3920,155530,159450,27235.6,1177.63,4342723640
"     PRD-COMPUTER CONTROL PROGRAMMERS AND OPERATORS", ,106937,2840,104097,106937,39628.5,1811.67,4237747590
"     PRD-EXTRUDING AND DRAWING MACHINE SETTERS, OPERATORS, AND TENDERS, METAL AND PLASTIC", ,15931,584,15347,15931,31353.9,4063.87,499498300
"     PRD-FORGING MACHINE SETTERS, OPERATORS, AND TENDERS, METAL AND PLASTIC", ,9250,214,9036,9250,35060.6,5166.21,324310700
"     PRD-ROLLING MACHINE SETTERS, OPERATORS, AND TENDERS, METAL AND PLASTIC", ,9732,691,9041,9732,40947.0,6270.04,398495730
"     PRD-MACHINE TOOL CUTTING SETTERS, OPERATORS, AND TENDERS, METAL AND PLASTIC", ,185020,9797,175223,185020,27900.9,1059.34,5162217530
"     PRD-MACHINISTS", ,411788,15902,395886,411788,39595.1,941.17,16304797570
"     PRD-METAL FURNACE OPERATORS, TENDERS, POURERS, AND CASTERS", ,26612,1819,24793,26612,38318.2,3754.73,1019725100
"     PRD-MODEL MAKERS, PATTERNMAKERS, AND MOLDING MACHINE SETTERS, METAL AND PLASTIC", ,59372,1415,57957,59372,31534.6,2281.62,1872272860
"     PRD-TOOL AND DIE MAKERS", ,69630,4298,65332,69630,44120.7,2410.02,3072122560
"     PRD-WELDING, SOLDERING, AND BRAZING WORKERS", ,763542,34249,729293,763542,34537.0,699.49,26370468980
"     PRD-MISCELLANEOUS METAL WORKERS AND PLASTIC WORKERS, INCLUDING MULTIPLE MACHINE TOOL SETTERS", ,520702,15162,505540,520702,30137.3,691.39,15692549480
"     PRD-PREPRESS TECHNICIANS AND WORKERS", ,31233,252,30981,31233,25140.6,2422.55,785216520
"     PRD-PRINTING PRESS OPERATORS", ,220737,8422,212315,220737,28513.0,1023.45,6293875530
"     PRD-PRINT BINDING AND FINISHING WORKERS", ,27834,612,27222,27834,23164.4,2152.03,644758850
"     PRD-LAUNDRY AND DRY-CLEANING WORKERS", ,253954,7491,246463,253954,15551.4,654.89,3949342480
"     PRD-PRESSERS, TEXTILE, GARMENT, AND RELATED MATERIALS", ,60544,1139,59405,60544,14146.9,1120.60,856509480
"     PRD-SEWING MACHINE OPERATORS", ,257507,5169,252338,257507,15843.5,668.97,4079815890
"     PRD-SHOE AND LEATHER WORKERS", ,16695,871,15824,16695,15256.0,2868.13,254699600
"     PRD-TAILORS, DRESSMAKERS, AND SEWERS", ,97686,3706,93980,97686,15136.1,1465.47,1478585664
"     PRD-TEXTILE BLEACHING AND DYEING, AND CUTTING MACHINE SETTERS, OPERATORS, AND TENDERS", ,13813,1050,12763,13813,20946.1,3440.17,289328200
"     PRD-TEXTILE KNITTING AND WEAVING MACHINE SETTERS, OPERATORS, AND TENDERS", ,10936,681,10255,10936,19473.7,2964.72,212964300
"     PRD-TEXTILE WINDING, TWISTING, AND DRAWING OUT MACHINE SETTERS, OPERATORS, AND TENDERS", ,16233,0,16233,16233,19542.9,3043.42,317240400
"     PRD-UPHOLSTERERS", ,40803,2450,38353,40803,19277.0,1705.30,786559860
"     PRD-MISCELLANEOUS TEXTILE, APPAREL, AND FURNISHINGS WORKERS, EXCEPT UPHOLSTERERS", ,23474,339,23135,23474,23874.2,2636.09,560421900
"     PRD-CABINETMAKERS AND BENCH CARPENTERS", ,60151,2677,57474,60151,21784.4,1495.76,1310352620
"     PRD-FURNITURE FINISHERS", ,18330,931,17399,18330,18171.7,2302.32,333087850
"     PRD-SAWING MACHINE SETTERS, OPERATORS, AND TENDERS, WOOD", ,44431,1842,42589,44431,20248.2,1649.67,899645810
"     PRD-WOODWORKING MACHINE SETTERS, OPERATORS, AND TENDERS, EXCEPT SAWING", ,20478,1287,19191,20478,19380.3,2308.06,396868990
"     PRD-MISCELLANEOUS WOODWORKERS, INCLUDING MODEL MAKERS AND PATTERNMAKERS", ,41244,2151,39093,41244,20726.2,1916.24,854832630
"     PRD-POWER PLANT OPERATORS, DISTRIBUTORS, AND DISPATCHERS", ,55985,2333,53652,55985,78251.6,4572.86,4380917300
"     PRD-STATIONARY ENGINEERS AND BOILER OPERATORS", ,114832,6177,108655,114832,51553.3,2622.62,5919967070
"     PRD-WATER AND WASTEWATER TREATMENT PLANT AND SYSTEM OPERATORS", ,97266,4388,92878,97266,44531.3,2199.12,4331382280
"     PRD-MISCELLANEOUS PLANT AND SYSTEM OPERATORS", ,53773,2816,50957,53773,56570.7,3568.15,3041974750
"     PRD-CHEMICAL PROCESSING MACHINE SETTERS, OPERATORS, AND TENDERS", ,63465,1534,61931,63465,44423.5,2761.88,2819337440
"     PRD-CRUSHING, GRINDING, POLISHING, MIXING, AND BLENDING WORKERS", ,108679,2918,105761,108679,33804.3,1812.33,3673821550
"     PRD-CUTTING WORKERS", ,91999,3505,88494,91999,21464.1,1345.12,1974672920
"     PRD-EXTRUDING, FORMING, PRESSING, AND COMPACTING MACHINE SETTERS, OPERATORS, AND TENDERS", ,32267,1513,30754,32267,30098.4,2866.93,971185900
"     PRD-FURNACE, KILN, OVEN, DRIER, AND KETTLE OPERATORS AND TENDERS", ,16746,711,16035,16746,32291.8,3921.79,540758100
"     PRD-INSPECTORS, TESTERS, SORTERS, SAMPLERS, AND WEIGHERS", ,999167,34367,964800,999167,34500.9,602.53,34472136660
"     PRD-JEWELERS AND PRECIOUS STONE AND METAL WORKERS", ,53636,1684,51952,53636,23325.4,2047.11,1251081710
"     PRD-MEDICAL, DENTAL, AND OPHTHALMIC LABORATORY TECHNICIANS", ,105720,3152,102568,105720,28805.5,1524.35,3045314850
"     PRD-PACKAGING AND FILLING MACHINE OPERATORS AND TENDERS", ,353496,8301,345195,353496,19924.4,626.44,7043199100
"     PRD-PAINTING WORKERS", ,184417,3582,180835,184417,29455.3,1247.39,5432066840
"     PRD-PHOTOGRAPHIC PROCESS WORKERS AND PROCESSING MACHINE OPERATORS", ,37701,517,37184,37701,26782.8,2958.77,1009738380
"     PRD-ADHESIVE BONDING MACHINE OPERATORS AND TENDERS", ,10772,272,10500,10772,24233.0,3952.57,261038300
"     PRD-ETCHERS AND ENGRAVERS", ,12727,468,12259,12727,21913.7,3477.11,278896280
"     PRD-MOLDERS, SHAPERS, AND CASTERS, EXCEPT METAL AND PLASTIC", ,37690,1318,36372,37690,27755.7,2563.95,1046111700
"     PRD-PAPER GOODS MACHINE SETTERS, OPERATORS, AND TENDERS", ,29726,1335,28391,29726,28850.0,2802.20,857594780
"     PRD-TIRE BUILDERS", ,16887,950,15937,16887,38975.5,4316.98,658179800
"     PRD-HELPERS-PRODUCTION WORKERS", ,71120,1457,69663,71120,17984.8,1551.21,1279077870
"     PRD-MISCELLANEOUS PRODUCTION WORKERS, INCLUDING SEMICONDUCTOR PROCESSORS", ,1620414,50732,1569682,1620414,28542.5,410.21,46250726590
"     TRN-SUPERVISORS OF TRANSPORTATION AND MATERIAL MOVING WORKERS", ,253759,6856,246903,253759,44806.9,1420.82,11370151060
"     TRN-AIRCRAFT PILOTS AND FLIGHT ENGINEERS", ,166495,3556,162939,166495,107038.6,4402.48,17821384680
"     TRN-AIR TRAFFIC CONTROLLERS AND AIRFIELD OPERATIONS SPECIALISTS", ,51179,1267,49912,51179,74452.2,5364.16,3810386700
"     TRN-FLIGHT ATTENDANTS", ,116255,1413,114842,116255,38985.8,1739.66,4532292620
"     TRN-AMBULANCE DRIVERS AND ATTENDANTS, EXCEPT EMERGENCY MEDICAL TECHNICIANS", ,16914,624,16290,16914,21931.6,2820.42,370951540
"     TRN-BUS DRIVERS", ,772066,32666,739400,772066,22476.6,481.37,17353434860
"     TRN-DRIVER/SALES WORKERS AND TRUCK DRIVERS", ,4257191,165531,4091660,4257191,31838.0,294.32,135540539420
"     TRN-TAXI DRIVERS AND CHAUFFEURS", ,526187,19369,506818,526187,17466.1,574.40,9190426370
"     TRN-MOTOR VEHICLE OPERATORS, ALL OTHER", ,77832,8044,69788,77832,11969.2,918.59,931590160
"     TRN-LOCOMOTIVE ENGINEERS AND OPERATORS", ,51244,2270,48974,51244,70658.7,4626.23,3620835750
"     TRN-RAILROAD CONDUCTORS AND YARDMASTERS", ,66109,1949,64160,66109,55472.1,3520.91,3667205280
"     TRN-SUBWAY, STREETCAR, AND OTHER RAIL TRANSPORTATION WORKERS", ,24587,1001,23586,24587,44642.2,4474.05,1097618970
"     TRN-SAILORS AND MARINE OILERS, AND SHIP ENGINEERS", ,44705,1185,43520,44705,42117.6,3434.48,1882866670
"     TRN-SHIP AND BOAT CAPTAINS AND OPERATORS", ,60029,1462,58567,60029,59330.2,4122.48,3561529960
"     TRN-PARKING LOT ATTENDANTS", ,111633,2827,108806,111633,16359.6,1355.89,1826274380
"     TRN-AUTOMOTIVE AND WATERCRAFT SERVICE ATTENDANTS", ,127460,2471,124989,127460,15233.8,854.55,1941699640
"     TRN-TRANSPORTATION INSPECTORS", ,54537,3509,51028,54537,47222.3,3239.12,2575364880
"     TRN-TRANSPORTATION ATTENDANTS, EXCEPT FLIGHT ATTENDANTS", ,44292,1606,42686,44292,19798.1,2536.96,876895440
"     TRN-MISCELLANEOUS TRANSPORTATION WORKERS, INCLUDING BRIDGE AND LOCK TENDERS AND TRAFFIC TECHNICIANS", ,37920,1263,36657,37920,36233.3,4547.14,1373964880
"     TRN-CRANE AND TOWER OPERATORS", ,69870,4164,65706,69870,54529.5,3216.80,3809979600
"     TRN-DREDGE, EXCAVATING, AND LOADING MACHINE OPERATORS", ,43703,2657,41046,43703,29435.3,2345.64,1286409420
"     TRN-CONVEYOR OPERATORS AND TENDERS, AND HOIST AND WINCH OPERATORS", ,17364,157,17207,17364,36807.8,4060.03,639130400
"     TRN-INDUSTRIAL TRUCK AND TRACTOR OPERATORS", ,706311,21319,684992,706311,27009.2,554.91,19076912130
"     TRN-CLEANERS OF VEHICLES AND EQUIPMENT", ,501530,11813,489717,501530,15399.6,451.68,7723366820
"     TRN-LABORERS AND FREIGHT, STOCK, AND MATERIAL MOVERS, HAND", ,3074518,77508,2997010,3074518,19586.6,231.24,60219308340
"     TRN-MACHINE FEEDERS AND OFFBEARERS", ,39267,1235,38032,39267,17685.7,1634.97,694464720
"     TRN-PACKERS AND PACKAGERS, HAND", ,700608,14731,685877,700608,15303.1,391.26,10721459910
"     TRN-PUMPING STATION OPERATORS", ,33745,1745,32000,33745,46409.8,4261.31,1566097500
"     TRN-REFUSE AND RECYCLABLE MATERIAL COLLECTORS", ,135094,4839,130255,135094,20268.5,1120.95,2738149350
"     TRN-MISCELLANEOUS MATERIAL MOVING WORKERS, INCLUDING MINE SHUTTLE CAR OPERATORS, AND TANK CAR, TRUCK, AND SHIP LOADERS", ,74610,3597,71013,74610,30598.8,2091.80,2282973170
"     MIL-MILITARY OFFICER SPECIAL AND TACTICAL OPERATIONS LEADERS", ,49094,2817,46277,49094,58631.2,4498.54,2878439200
"     MIL-FIRST-LINE ENLISTED MILITARY SUPERVISORS", ,111018,6716,104302,111018,51594.2,2225.69,5727884900
"     MIL-MILITARY ENLISTED TACTICAL OPERATIONS AND AIR/WEAPONS SPECIALISTS AND CREW MEMBERS", ,171519,5150,166369,171519,24305.7,948.47,4168884480
"     MIL-MILITARY, RANK NOT SPECIFIED **", ,274977,7929,267048,274977,40756.4,1256.43,11207080900
"     UNEMPLOYED AND LAST WORKED 5 YEARS AGO OR EARLIER OR NEVER WORKED **", ,2133874,43351,2090523,2133874,0.0,0.00,0
Universe: All
Weight used: PWGTP
DataSet(s) selected: 2015
Source: ACS Public Use Microdata Sample
